[    2375ms] [LOG] %c
▲

__  __                                     _            __
\ \/ /___  __  __   _________ _____       (_)_  _______/ /_
 \  / __ \/ / / /  / ___/ __ `/ __ \     / / / / / ___/ __/
 / / /_/ / /_/ /  / /__/ /_/ / / / /    / / /_/ (__  ) /_
/_/\____/\__,_/   \___/\__,_/_/ /_/  __/ /\__,_/____/\__/
         __    _          __  __    /___/
   _____/ /_  (_)___     / /_/ /_  (_)___  ____ ______
  / ___/ __ \/ / __ \   / __/ __ \/ / __ \/ __ `/ ___/
 (__  ) / / / / /_/ /  / /_/ / / / / / / / /_/ (__  )
/____/_/ /_/_/ .___/   \__/_/ /_/_/_/ /_/\__, /____/
            /_/                         /____/
  

Hello!

- Open Source https://vercel.com/oss
- Careers https://vercel.com/careers
- Status https://vercel-status.com

 font-family: "Geist Mono", monospace; white-space: pre; line-height: 1; @ https://vercel.com/_next/static/immutable/chunks/2x2g4glth1tba.js:78
[   11297ms] Error: Minified React error #418; visit https://react.dev/errors/418?args[]=HTML&args[]= for the full message or use the non-minified dev environment for full errors and additional helpful warnings.
    at r4 (https://vercel.com/_next/static/immutable/chunks/2x2g4glth1tba.js:109:47741)
    at iC (https://vercel.com/_next/static/immutable/chunks/2x2g4glth1tba.js:109:101936)
    at sG (https://vercel.com/_next/static/immutable/chunks/2x2g4glth1tba.js:109:144374)
    at https://vercel.com/_next/static/immutable/chunks/2x2g4glth1tba.js:109:144219
    at sQ (https://vercel.com/_next/static/immutable/chunks/2x2g4glth1tba.js:109:144227)
    at sI (https://vercel.com/_next/static/immutable/chunks/2x2g4glth1tba.js:109:139277)
    at cy (https://vercel.com/_next/static/immutable/chunks/2x2g4glth1tba.js:109:174222)
    at cp (https://vercel.com/_next/static/immutable/chunks/2x2g4glth1tba.js:109:172125)
    at ch (https://vercel.com/_next/static/immutable/chunks/2x2g4glth1tba.js:109:172482)
    at https://vercel.com/_next/static/immutable/chunks/2x2g4glth1tba.js:109:174281
[   13558ms] Minified React error #419; visit https://react.dev/errors/419 for the full message or use the non-minified dev environment for full errors and additional helpful warnings.
[   13574ms] Minified React error #419; visit https://react.dev/errors/419 for the full message or use the non-minified dev environment for full errors and additional helpful warnings.
[   19680ms] [WARNING] The resource https://vercel.com/_next/static/immutable/chunks/1lrt0kk_p9rdf.css was preloaded using link preload but not used within a few seconds from the window's load event. Please make sure it has an appropriate `as` value and it is preloaded intentionally. @ https://vercel.com/bhavya-foundation/website:0
[   19680ms] [WARNING] The resource https://vercel.com/_next/static/immutable/chunks/32fn_23dei1yg.css was preloaded using link preload but not used within a few seconds from the window's load event. Please make sure it has an appropriate `as` value and it is preloaded intentionally. @ https://vercel.com/bhavya-foundation/website:0
[   19680ms] [WARNING] The resource https://vercel.com/_next/static/immutable/chunks/1_zhxte94w_ni.css was preloaded using link preload but not used within a few seconds from the window's load event. Please make sure it has an appropriate `as` value and it is preloaded intentionally. @ https://vercel.com/bhavya-foundation/website:0
[   19680ms] [WARNING] The resource https://vercel.com/_next/static/immutable/chunks/3flhcz7cw314y.css was preloaded using link preload but not used within a few seconds from the window's load event. Please make sure it has an appropriate `as` value and it is preloaded intentionally. @ https://vercel.com/bhavya-foundation/website:0
[   19686ms] [WARNING] The resource https://vercel.com/_next/static/immutable/chunks/21rw_-yth3n_r.css was preloaded using link preload but not used within a few seconds from the window's load event. Please make sure it has an appropriate `as` value and it is preloaded intentionally. @ https://vercel.com/bhavya-foundation/website:0
[   19689ms] [WARNING] The resource https://vercel.com/_next/static/immutable/chunks/2oriaryyh9mxi.css was preloaded using link preload but not used within a few seconds from the window's load event. Please make sure it has an appropriate `as` value and it is preloaded intentionally. @ https://vercel.com/bhavya-foundation/website:0
[   19689ms] [WARNING] The resource https://vercel.com/_next/static/immutable/chunks/20i78jgd2slur.css was preloaded using link preload but not used within a few seconds from the window's load event. Please make sure it has an appropriate `as` value and it is preloaded intentionally. @ https://vercel.com/bhavya-foundation/website:0
[   19689ms] [WARNING] The resource https://vercel.com/_next/static/immutable/chunks/04eapzb7_6k52.css was preloaded using link preload but not used within a few seconds from the window's load event. Please make sure it has an appropriate `as` value and it is preloaded intentionally. @ https://vercel.com/bhavya-foundation/website:0
[   19689ms] [WARNING] The resource https://vercel.com/_next/static/immutable/chunks/296pubnon3xrx.css was preloaded using link preload but not used within a few seconds from the window's load event. Please make sure it has an appropriate `as` value and it is preloaded intentionally. @ https://vercel.com/bhavya-foundation/website:0
[   22950ms] [WARNING] Deprecated API for given entry type. @ https://vercel.com/_next/static/immutable/chunks/1rn2gou589nch.js:18
[   42376ms] [WARNING] The resource https://vercel.com/_next/static/immutable/chunks/1lrt0kk_p9rdf.css was preloaded using link preload but not used within a few seconds from the window's load event. Please make sure it has an appropriate `as` value and it is preloaded intentionally. @ https://vercel.com/bhavya-foundation/website:0
[   42378ms] [WARNING] The resource https://vercel.com/_next/static/immutable/chunks/32fn_23dei1yg.css was preloaded using link preload but not used within a few seconds from the window's load event. Please make sure it has an appropriate `as` value and it is preloaded intentionally. @ https://vercel.com/bhavya-foundation/website:0
[   42379ms] [WARNING] The resource https://vercel.com/_next/static/immutable/chunks/3ltmde337_bn6.css was preloaded using link preload but not used within a few seconds from the window's load event. Please make sure it has an appropriate `as` value and it is preloaded intentionally. @ https://vercel.com/bhavya-foundation/website:0
[   42381ms] [WARNING] The resource https://vercel.com/_next/static/immutable/media/797e433ab948586e.p.1v5bejj26fx9h.woff2 was preloaded using link preload but not used within a few seconds from the window's load event. Please make sure it has an appropriate `as` value and it is preloaded intentionally. @ https://vercel.com/bhavya-foundation/website:0
[   42383ms] [WARNING] The resource https://vercel.com/_next/static/immutable/chunks/1_zhxte94w_ni.css was preloaded using link preload but not used within a few seconds from the window's load event. Please make sure it has an appropriate `as` value and it is preloaded intentionally. @ https://vercel.com/bhavya-foundation/website:0
[   42383ms] [WARNING] The resource https://vercel.com/_next/static/immutable/chunks/3flhcz7cw314y.css was preloaded using link preload but not used within a few seconds from the window's load event. Please make sure it has an appropriate `as` value and it is preloaded intentionally. @ https://vercel.com/bhavya-foundation/website:0
[   42384ms] [WARNING] The resource https://vercel.com/_next/static/immutable/chunks/21rw_-yth3n_r.css was preloaded using link preload but not used within a few seconds from the window's load event. Please make sure it has an appropriate `as` value and it is preloaded intentionally. @ https://vercel.com/bhavya-foundation/website:0
[   42384ms] [WARNING] The resource https://vercel.com/_next/static/immutable/chunks/2oriaryyh9mxi.css was preloaded using link preload but not used within a few seconds from the window's load event. Please make sure it has an appropriate `as` value and it is preloaded intentionally. @ https://vercel.com/bhavya-foundation/website:0
[   42384ms] [WARNING] The resource https://vercel.com/_next/static/immutable/chunks/1sjo-n9l-l89d.css was preloaded using link preload but not used within a few seconds from the window's load event. Please make sure it has an appropriate `as` value and it is preloaded intentionally. @ https://vercel.com/bhavya-foundation/website:0
[   42386ms] [WARNING] The resource https://vercel.com/_next/static/immutable/media/Geist_Variable-s.p.2v-cf9syxr5ni.woff2 was preloaded using link preload but not used within a few seconds from the window's load event. Please make sure it has an appropriate `as` value and it is preloaded intentionally. @ https://vercel.com/bhavya-foundation/website:0
[   42386ms] [WARNING] The resource https://vercel.com/_next/static/immutable/chunks/20i78jgd2slur.css was preloaded using link preload but not used within a few seconds from the window's load event. Please make sure it has an appropriate `as` value and it is preloaded intentionally. @ https://vercel.com/bhavya-foundation/website:0
[   42387ms] [WARNING] The resource https://vercel.com/_next/static/immutable/chunks/04eapzb7_6k52.css was preloaded using link preload but not used within a few seconds from the window's load event. Please make sure it has an appropriate `as` value and it is preloaded intentionally. @ https://vercel.com/bhavya-foundation/website:0
[   42387ms] [WARNING] The resource https://vercel.com/_next/static/immutable/chunks/296pubnon3xrx.css was preloaded using link preload but not used within a few seconds from the window's load event. Please make sure it has an appropriate `as` value and it is preloaded intentionally. @ https://vercel.com/bhavya-foundation/website:0
[   45956ms] [WARNING] The resource https://vercel.com/_next/static/immutable/chunks/1lrt0kk_p9rdf.css was preloaded using link preload but not used within a few seconds from the window's load event. Please make sure it has an appropriate `as` value and it is preloaded intentionally. @ https://vercel.com/bhavya-foundation/website:0
[   45956ms] [WARNING] The resource https://vercel.com/_next/static/immutable/chunks/32fn_23dei1yg.css was preloaded using link preload but not used within a few seconds from the window's load event. Please make sure it has an appropriate `as` value and it is preloaded intentionally. @ https://vercel.com/bhavya-foundation/website:0
[   45956ms] [WARNING] The resource https://vercel.com/_next/static/immutable/chunks/3ltmde337_bn6.css was preloaded using link preload but not used within a few seconds from the window's load event. Please make sure it has an appropriate `as` value and it is preloaded intentionally. @ https://vercel.com/bhavya-foundation/website:0
[   45957ms] [WARNING] The resource https://vercel.com/_next/static/immutable/media/797e433ab948586e.p.1v5bejj26fx9h.woff2 was preloaded using link preload but not used within a few seconds from the window's load event. Please make sure it has an appropriate `as` value and it is preloaded intentionally. @ https://vercel.com/bhavya-foundation/website:0
[   45957ms] [WARNING] The resource https://vercel.com/_next/static/immutable/chunks/1_zhxte94w_ni.css was preloaded using link preload but not used within a few seconds from the window's load event. Please make sure it has an appropriate `as` value and it is preloaded intentionally. @ https://vercel.com/bhavya-foundation/website:0
[   45960ms] [WARNING] The resource https://vercel.com/_next/static/immutable/chunks/3flhcz7cw314y.css was preloaded using link preload but not used within a few seconds from the window's load event. Please make sure it has an appropriate `as` value and it is preloaded intentionally. @ https://vercel.com/bhavya-foundation/website:0
[   45961ms] [WARNING] The resource https://vercel.com/_next/static/immutable/chunks/21rw_-yth3n_r.css was preloaded using link preload but not used within a few seconds from the window's load event. Please make sure it has an appropriate `as` value and it is preloaded intentionally. @ https://vercel.com/bhavya-foundation/website:0
[   45963ms] [WARNING] The resource https://vercel.com/_next/static/immutable/chunks/2oriaryyh9mxi.css was preloaded using link preload but not used within a few seconds from the window's load event. Please make sure it has an appropriate `as` value and it is preloaded intentionally. @ https://vercel.com/bhavya-foundation/website:0
[   45963ms] [WARNING] The resource https://vercel.com/_next/static/immutable/chunks/1sjo-n9l-l89d.css was preloaded using link preload but not used within a few seconds from the window's load event. Please make sure it has an appropriate `as` value and it is preloaded intentionally. @ https://vercel.com/bhavya-foundation/website:0
[   45963ms] [WARNING] The resource https://vercel.com/_next/static/immutable/media/Geist_Variable-s.p.2v-cf9syxr5ni.woff2 was preloaded using link preload but not used within a few seconds from the window's load event. Please make sure it has an appropriate `as` value and it is preloaded intentionally. @ https://vercel.com/bhavya-foundation/website:0
[   45963ms] [WARNING] The resource https://vercel.com/_next/static/immutable/chunks/20i78jgd2slur.css was preloaded using link preload but not used within a few seconds from the window's load event. Please make sure it has an appropriate `as` value and it is preloaded intentionally. @ https://vercel.com/bhavya-foundation/website:0
[   45963ms] [WARNING] The resource https://vercel.com/_next/static/immutable/chunks/04eapzb7_6k52.css was preloaded using link preload but not used within a few seconds from the window's load event. Please make sure it has an appropriate `as` value and it is preloaded intentionally. @ https://vercel.com/bhavya-foundation/website:0
[   45964ms] [WARNING] The resource https://vercel.com/_next/static/immutable/chunks/296pubnon3xrx.css was preloaded using link preload but not used within a few seconds from the window's load event. Please make sure it has an appropriate `as` value and it is preloaded intentionally. @ https://vercel.com/bhavya-foundation/website:0
[   53165ms] [WARNING] The resource https://vercel.com/_next/static/immutable/chunks/1lrt0kk_p9rdf.css was preloaded using link preload but not used within a few seconds from the window's load event. Please make sure it has an appropriate `as` value and it is preloaded intentionally. @ https://vercel.com/bhavya-foundation/website:0
[   53165ms] [WARNING] The resource https://vercel.com/_next/static/immutable/chunks/32fn_23dei1yg.css was preloaded using link preload but not used within a few seconds from the window's load event. Please make sure it has an appropriate `as` value and it is preloaded intentionally. @ https://vercel.com/bhavya-foundation/website:0
[   53165ms] [WARNING] The resource https://vercel.com/_next/static/immutable/chunks/3ltmde337_bn6.css was preloaded using link preload but not used within a few seconds from the window's load event. Please make sure it has an appropriate `as` value and it is preloaded intentionally. @ https://vercel.com/bhavya-foundation/website:0
[   53165ms] [WARNING] The resource https://vercel.com/_next/static/immutable/media/797e433ab948586e.p.1v5bejj26fx9h.woff2 was preloaded using link preload but not used within a few seconds from the window's load event. Please make sure it has an appropriate `as` value and it is preloaded intentionally. @ https://vercel.com/bhavya-foundation/website:0
[   53165ms] [WARNING] The resource https://vercel.com/_next/static/immutable/chunks/1_zhxte94w_ni.css was preloaded using link preload but not used within a few seconds from the window's load event. Please make sure it has an appropriate `as` value and it is preloaded intentionally. @ https://vercel.com/bhavya-foundation/website:0
[   53165ms] [WARNING] The resource https://vercel.com/_next/static/immutable/chunks/3flhcz7cw314y.css was preloaded using link preload but not used within a few seconds from the window's load event. Please make sure it has an appropriate `as` value and it is preloaded intentionally. @ https://vercel.com/bhavya-foundation/website:0
[   53166ms] [WARNING] The resource https://vercel.com/_next/static/immutable/chunks/21rw_-yth3n_r.css was preloaded using link preload but not used within a few seconds from the window's load event. Please make sure it has an appropriate `as` value and it is preloaded intentionally. @ https://vercel.com/bhavya-foundation/website:0
[   53166ms] [WARNING] The resource https://vercel.com/_next/static/immutable/chunks/2oriaryyh9mxi.css was preloaded using link preload but not used within a few seconds from the window's load event. Please make sure it has an appropriate `as` value and it is preloaded intentionally. @ https://vercel.com/bhavya-foundation/website:0
[   53166ms] [WARNING] The resource https://vercel.com/_next/static/immutable/chunks/1sjo-n9l-l89d.css was preloaded using link preload but not used within a few seconds from the window's load event. Please make sure it has an appropriate `as` value and it is preloaded intentionally. @ https://vercel.com/bhavya-foundation/website:0
[   53167ms] [WARNING] The resource https://vercel.com/_next/static/immutable/media/Geist_Variable-s.p.2v-cf9syxr5ni.woff2 was preloaded using link preload but not used within a few seconds from the window's load event. Please make sure it has an appropriate `as` value and it is preloaded intentionally. @ https://vercel.com/bhavya-foundation/website:0
[   53168ms] [WARNING] The resource https://vercel.com/_next/static/immutable/chunks/20i78jgd2slur.css was preloaded using link preload but not used within a few seconds from the window's load event. Please make sure it has an appropriate `as` value and it is preloaded intentionally. @ https://vercel.com/bhavya-foundation/website:0
[   53169ms] [WARNING] The resource https://vercel.com/_next/static/immutable/chunks/04eapzb7_6k52.css was preloaded using link preload but not used within a few seconds from the window's load event. Please make sure it has an appropriate `as` value and it is preloaded intentionally. @ https://vercel.com/bhavya-foundation/website:0
[   53174ms] [WARNING] The resource https://vercel.com/_next/static/immutable/chunks/296pubnon3xrx.css was preloaded using link preload but not used within a few seconds from the window's load event. Please make sure it has an appropriate `as` value and it is preloaded intentionally. @ https://vercel.com/bhavya-foundation/website:0
[   57055ms] [WARNING] The resource https://vercel.com/_next/static/immutable/chunks/1lrt0kk_p9rdf.css was preloaded using link preload but not used within a few seconds from the window's load event. Please make sure it has an appropriate `as` value and it is preloaded intentionally. @ https://vercel.com/bhavya-foundation/website:0
[   57056ms] [WARNING] The resource https://vercel.com/_next/static/immutable/chunks/32fn_23dei1yg.css was preloaded using link preload but not used within a few seconds from the window's load event. Please make sure it has an appropriate `as` value and it is preloaded intentionally. @ https://vercel.com/bhavya-foundation/website:0
[   57056ms] [WARNING] The resource https://vercel.com/_next/static/immutable/chunks/3ltmde337_bn6.css was preloaded using link preload but not used within a few seconds from the window's load event. Please make sure it has an appropriate `as` value and it is preloaded intentionally. @ https://vercel.com/bhavya-foundation/website:0
[   57056ms] [WARNING] The resource https://vercel.com/_next/static/immutable/media/797e433ab948586e.p.1v5bejj26fx9h.woff2 was preloaded using link preload but not used within a few seconds from the window's load event. Please make sure it has an appropriate `as` value and it is preloaded intentionally. @ https://vercel.com/bhavya-foundation/website:0
[   57056ms] [WARNING] The resource https://vercel.com/_next/static/immutable/chunks/1_zhxte94w_ni.css was preloaded using link preload but not used within a few seconds from the window's load event. Please make sure it has an appropriate `as` value and it is preloaded intentionally. @ https://vercel.com/bhavya-foundation/website:0
[   57056ms] [WARNING] The resource https://vercel.com/_next/static/immutable/chunks/3flhcz7cw314y.css was preloaded using link preload but not used within a few seconds from the window's load event. Please make sure it has an appropriate `as` value and it is preloaded intentionally. @ https://vercel.com/bhavya-foundation/website:0
[   57057ms] [WARNING] The resource https://vercel.com/_next/static/immutable/chunks/21rw_-yth3n_r.css was preloaded using link preload but not used within a few seconds from the window's load event. Please make sure it has an appropriate `as` value and it is preloaded intentionally. @ https://vercel.com/bhavya-foundation/website:0
[   57057ms] [WARNING] The resource https://vercel.com/_next/static/immutable/chunks/2oriaryyh9mxi.css was preloaded using link preload but not used within a few seconds from the window's load event. Please make sure it has an appropriate `as` value and it is preloaded intentionally. @ https://vercel.com/bhavya-foundation/website:0
[   57057ms] [WARNING] The resource https://vercel.com/_next/static/immutable/chunks/1sjo-n9l-l89d.css was preloaded using link preload but not used within a few seconds from the window's load event. Please make sure it has an appropriate `as` value and it is preloaded intentionally. @ https://vercel.com/bhavya-foundation/website:0
[   57057ms] [WARNING] The resource https://vercel.com/_next/static/immutable/media/Geist_Variable-s.p.2v-cf9syxr5ni.woff2 was preloaded using link preload but not used within a few seconds from the window's load event. Please make sure it has an appropriate `as` value and it is preloaded intentionally. @ https://vercel.com/bhavya-foundation/website:0
[   57058ms] [WARNING] The resource https://vercel.com/_next/static/immutable/chunks/20i78jgd2slur.css was preloaded using link preload but not used within a few seconds from the window's load event. Please make sure it has an appropriate `as` value and it is preloaded intentionally. @ https://vercel.com/bhavya-foundation/website:0
[   57059ms] [WARNING] The resource https://vercel.com/_next/static/immutable/chunks/04eapzb7_6k52.css was preloaded using link preload but not used within a few seconds from the window's load event. Please make sure it has an appropriate `as` value and it is preloaded intentionally. @ https://vercel.com/bhavya-foundation/website:0
[   57060ms] [WARNING] The resource https://vercel.com/_next/static/immutable/chunks/296pubnon3xrx.css was preloaded using link preload but not used within a few seconds from the window's load event. Please make sure it has an appropriate `as` value and it is preloaded intentionally. @ https://vercel.com/bhavya-foundation/website:0
[   64189ms] [WARNING] The resource https://vercel.com/_next/static/immutable/chunks/1lrt0kk_p9rdf.css was preloaded using link preload but not used within a few seconds from the window's load event. Please make sure it has an appropriate `as` value and it is preloaded intentionally. @ https://vercel.com/bhavya-foundation/website:0
[   64190ms] [WARNING] The resource https://vercel.com/_next/static/immutable/chunks/32fn_23dei1yg.css was preloaded using link preload but not used within a few seconds from the window's load event. Please make sure it has an appropriate `as` value and it is preloaded intentionally. @ https://vercel.com/bhavya-foundation/website:0
[   64191ms] [WARNING] The resource https://vercel.com/_next/static/immutable/chunks/3ltmde337_bn6.css was preloaded using link preload but not used within a few seconds from the window's load event. Please make sure it has an appropriate `as` value and it is preloaded intentionally. @ https://vercel.com/bhavya-foundation/website:0
[   64205ms] [WARNING] The resource https://vercel.com/_next/static/immutable/media/797e433ab948586e.p.1v5bejj26fx9h.woff2 was preloaded using link preload but not used within a few seconds from the window's load event. Please make sure it has an appropriate `as` value and it is preloaded intentionally. @ https://vercel.com/bhavya-foundation/website:0
[   64208ms] [WARNING] The resource https://vercel.com/_next/static/immutable/chunks/1_zhxte94w_ni.css was preloaded using link preload but not used within a few seconds from the window's load event. Please make sure it has an appropriate `as` value and it is preloaded intentionally. @ https://vercel.com/bhavya-foundation/website:0
[   64209ms] [WARNING] The resource https://vercel.com/_next/static/immutable/chunks/3flhcz7cw314y.css was preloaded using link preload but not used within a few seconds from the window's load event. Please make sure it has an appropriate `as` value and it is preloaded intentionally. @ https://vercel.com/bhavya-foundation/website:0
[   64211ms] [WARNING] The resource https://vercel.com/_next/static/immutable/chunks/21rw_-yth3n_r.css was preloaded using link preload but not used within a few seconds from the window's load event. Please make sure it has an appropriate `as` value and it is preloaded intentionally. @ https://vercel.com/bhavya-foundation/website:0
[   64228ms] [WARNING] The resource https://vercel.com/_next/static/immutable/chunks/2oriaryyh9mxi.css was preloaded using link preload but not used within a few seconds from the window's load event. Please make sure it has an appropriate `as` value and it is preloaded intentionally. @ https://vercel.com/bhavya-foundation/website:0
[   64230ms] [WARNING] The resource https://vercel.com/_next/static/immutable/chunks/1sjo-n9l-l89d.css was preloaded using link preload but not used within a few seconds from the window's load event. Please make sure it has an appropriate `as` value and it is preloaded intentionally. @ https://vercel.com/bhavya-foundation/website:0
[   64240ms] [WARNING] The resource https://vercel.com/_next/static/immutable/media/Geist_Variable-s.p.2v-cf9syxr5ni.woff2 was preloaded using link preload but not used within a few seconds from the window's load event. Please make sure it has an appropriate `as` value and it is preloaded intentionally. @ https://vercel.com/bhavya-foundation/website:0
[   64241ms] [WARNING] The resource https://vercel.com/_next/static/immutable/chunks/20i78jgd2slur.css was preloaded using link preload but not used within a few seconds from the window's load event. Please make sure it has an appropriate `as` value and it is preloaded intentionally. @ https://vercel.com/bhavya-foundation/website:0
[   64242ms] [WARNING] The resource https://vercel.com/_next/static/immutable/chunks/04eapzb7_6k52.css was preloaded using link preload but not used within a few seconds from the window's load event. Please make sure it has an appropriate `as` value and it is preloaded intentionally. @ https://vercel.com/bhavya-foundation/website:0
[   64244ms] [WARNING] The resource https://vercel.com/_next/static/immutable/chunks/296pubnon3xrx.css was preloaded using link preload but not used within a few seconds from the window's load event. Please make sure it has an appropriate `as` value and it is preloaded intentionally. @ https://vercel.com/bhavya-foundation/website:0
[   68663ms] [WARNING] The resource https://vercel.com/_next/static/immutable/chunks/1lrt0kk_p9rdf.css was preloaded using link preload but not used within a few seconds from the window's load event. Please make sure it has an appropriate `as` value and it is preloaded intentionally. @ https://vercel.com/bhavya-foundation/website:0
[   68664ms] [WARNING] The resource https://vercel.com/_next/static/immutable/chunks/32fn_23dei1yg.css was preloaded using link preload but not used within a few seconds from the window's load event. Please make sure it has an appropriate `as` value and it is preloaded intentionally. @ https://vercel.com/bhavya-foundation/website:0
[   68664ms] [WARNING] The resource https://vercel.com/_next/static/immutable/chunks/3ltmde337_bn6.css was preloaded using link preload but not used within a few seconds from the window's load event. Please make sure it has an appropriate `as` value and it is preloaded intentionally. @ https://vercel.com/bhavya-foundation/website:0
[   68670ms] [WARNING] The resource https://vercel.com/_next/static/immutable/media/797e433ab948586e.p.1v5bejj26fx9h.woff2 was preloaded using link preload but not used within a few seconds from the window's load event. Please make sure it has an appropriate `as` value and it is preloaded intentionally. @ https://vercel.com/bhavya-foundation/website:0
[   68670ms] [WARNING] The resource https://vercel.com/_next/static/immutable/chunks/1_zhxte94w_ni.css was preloaded using link preload but not used within a few seconds from the window's load event. Please make sure it has an appropriate `as` value and it is preloaded intentionally. @ https://vercel.com/bhavya-foundation/website:0
[   68670ms] [WARNING] The resource https://vercel.com/_next/static/immutable/chunks/3flhcz7cw314y.css was preloaded using link preload but not used within a few seconds from the window's load event. Please make sure it has an appropriate `as` value and it is preloaded intentionally. @ https://vercel.com/bhavya-foundation/website:0
[   68670ms] [WARNING] The resource https://vercel.com/_next/static/immutable/chunks/21rw_-yth3n_r.css was preloaded using link preload but not used within a few seconds from the window's load event. Please make sure it has an appropriate `as` value and it is preloaded intentionally. @ https://vercel.com/bhavya-foundation/website:0
[   68681ms] [WARNING] The resource https://vercel.com/_next/static/immutable/chunks/2oriaryyh9mxi.css was preloaded using link preload but not used within a few seconds from the window's load event. Please make sure it has an appropriate `as` value and it is preloaded intentionally. @ https://vercel.com/bhavya-foundation/website:0
[   68690ms] [WARNING] The resource https://vercel.com/_next/static/immutable/chunks/1sjo-n9l-l89d.css was preloaded using link preload but not used within a few seconds from the window's load event. Please make sure it has an appropriate `as` value and it is preloaded intentionally. @ https://vercel.com/bhavya-foundation/website:0
[   68690ms] [WARNING] The resource https://vercel.com/_next/static/immutable/media/Geist_Variable-s.p.2v-cf9syxr5ni.woff2 was preloaded using link preload but not used within a few seconds from the window's load event. Please make sure it has an appropriate `as` value and it is preloaded intentionally. @ https://vercel.com/bhavya-foundation/website:0
[   68691ms] [WARNING] The resource https://vercel.com/_next/static/immutable/chunks/20i78jgd2slur.css was preloaded using link preload but not used within a few seconds from the window's load event. Please make sure it has an appropriate `as` value and it is preloaded intentionally. @ https://vercel.com/bhavya-foundation/website:0
[   68697ms] [WARNING] The resource https://vercel.com/_next/static/immutable/chunks/04eapzb7_6k52.css was preloaded using link preload but not used within a few seconds from the window's load event. Please make sure it has an appropriate `as` value and it is preloaded intentionally. @ https://vercel.com/bhavya-foundation/website:0
[   68697ms] [WARNING] The resource https://vercel.com/_next/static/immutable/chunks/296pubnon3xrx.css was preloaded using link preload but not used within a few seconds from the window's load event. Please make sure it has an appropriate `as` value and it is preloaded intentionally. @ https://vercel.com/bhavya-foundation/website:0
[   73307ms] [WARNING] The resource https://vercel.com/_next/static/immutable/chunks/1lrt0kk_p9rdf.css was preloaded using link preload but not used within a few seconds from the window's load event. Please make sure it has an appropriate `as` value and it is preloaded intentionally. @ https://vercel.com/bhavya-foundation/website:0
[   73307ms] [WARNING] The resource https://vercel.com/_next/static/immutable/chunks/32fn_23dei1yg.css was preloaded using link preload but not used within a few seconds from the window's load event. Please make sure it has an appropriate `as` value and it is preloaded intentionally. @ https://vercel.com/bhavya-foundation/website:0
[   73309ms] [WARNING] The resource https://vercel.com/_next/static/immutable/chunks/3ltmde337_bn6.css was preloaded using link preload but not used within a few seconds from the window's load event. Please make sure it has an appropriate `as` value and it is preloaded intentionally. @ https://vercel.com/bhavya-foundation/website:0
[   73310ms] [WARNING] The resource https://vercel.com/_next/static/immutable/media/797e433ab948586e.p.1v5bejj26fx9h.woff2 was preloaded using link preload but not used within a few seconds from the window's load event. Please make sure it has an appropriate `as` value and it is preloaded intentionally. @ https://vercel.com/bhavya-foundation/website:0
[   73320ms] [WARNING] The resource https://vercel.com/_next/static/immutable/chunks/1_zhxte94w_ni.css was preloaded using link preload but not used within a few seconds from the window's load event. Please make sure it has an appropriate `as` value and it is preloaded intentionally. @ https://vercel.com/bhavya-foundation/website:0
[   73322ms] [WARNING] The resource https://vercel.com/_next/static/immutable/chunks/3flhcz7cw314y.css was preloaded using link preload but not used within a few seconds from the window's load event. Please make sure it has an appropriate `as` value and it is preloaded intentionally. @ https://vercel.com/bhavya-foundation/website:0
[   73323ms] [WARNING] The resource https://vercel.com/_next/static/immutable/chunks/21rw_-yth3n_r.css was preloaded using link preload but not used within a few seconds from the window's load event. Please make sure it has an appropriate `as` value and it is preloaded intentionally. @ https://vercel.com/bhavya-foundation/website:0
[   73324ms] [WARNING] The resource https://vercel.com/_next/static/immutable/chunks/2oriaryyh9mxi.css was preloaded using link preload but not used within a few seconds from the window's load event. Please make sure it has an appropriate `as` value and it is preloaded intentionally. @ https://vercel.com/bhavya-foundation/website:0
[   73325ms] [WARNING] The resource https://vercel.com/_next/static/immutable/chunks/1sjo-n9l-l89d.css was preloaded using link preload but not used within a few seconds from the window's load event. Please make sure it has an appropriate `as` value and it is preloaded intentionally. @ https://vercel.com/bhavya-foundation/website:0
[   73325ms] [WARNING] The resource https://vercel.com/_next/static/immutable/media/Geist_Variable-s.p.2v-cf9syxr5ni.woff2 was preloaded using link preload but not used within a few seconds from the window's load event. Please make sure it has an appropriate `as` value and it is preloaded intentionally. @ https://vercel.com/bhavya-foundation/website:0
[   73326ms] [WARNING] The resource https://vercel.com/_next/static/immutable/chunks/20i78jgd2slur.css was preloaded using link preload but not used within a few seconds from the window's load event. Please make sure it has an appropriate `as` value and it is preloaded intentionally. @ https://vercel.com/bhavya-foundation/website:0
[   73328ms] [WARNING] The resource https://vercel.com/_next/static/immutable/chunks/04eapzb7_6k52.css was preloaded using link preload but not used within a few seconds from the window's load event. Please make sure it has an appropriate `as` value and it is preloaded intentionally. @ https://vercel.com/bhavya-foundation/website:0
[   73328ms] [WARNING] The resource https://vercel.com/_next/static/immutable/chunks/296pubnon3xrx.css was preloaded using link preload but not used within a few seconds from the window's load event. Please make sure it has an appropriate `as` value and it is preloaded intentionally. @ https://vercel.com/bhavya-foundation/website:0
[   80158ms] [WARNING] The resource https://vercel.com/_next/static/immutable/chunks/1lrt0kk_p9rdf.css was preloaded using link preload but not used within a few seconds from the window's load event. Please make sure it has an appropriate `as` value and it is preloaded intentionally. @ https://vercel.com/bhavya-foundation/website:0
[   80159ms] [WARNING] The resource https://vercel.com/_next/static/immutable/chunks/32fn_23dei1yg.css was preloaded using link preload but not used within a few seconds from the window's load event. Please make sure it has an appropriate `as` value and it is preloaded intentionally. @ https://vercel.com/bhavya-foundation/website:0
[   80160ms] [WARNING] The resource https://vercel.com/_next/static/immutable/chunks/3ltmde337_bn6.css was preloaded using link preload but not used within a few seconds from the window's load event. Please make sure it has an appropriate `as` value and it is preloaded intentionally. @ https://vercel.com/bhavya-foundation/website:0
[   80168ms] [WARNING] The resource https://vercel.com/_next/static/immutable/media/797e433ab948586e.p.1v5bejj26fx9h.woff2 was preloaded using link preload but not used within a few seconds from the window's load event. Please make sure it has an appropriate `as` value and it is preloaded intentionally. @ https://vercel.com/bhavya-foundation/website:0
[   80169ms] [WARNING] The resource https://vercel.com/_next/static/immutable/chunks/1_zhxte94w_ni.css was preloaded using link preload but not used within a few seconds from the window's load event. Please make sure it has an appropriate `as` value and it is preloaded intentionally. @ https://vercel.com/bhavya-foundation/website:0
[   80169ms] [WARNING] The resource https://vercel.com/_next/static/immutable/chunks/3flhcz7cw314y.css was preloaded using link preload but not used within a few seconds from the window's load event. Please make sure it has an appropriate `as` value and it is preloaded intentionally. @ https://vercel.com/bhavya-foundation/website:0
[   80170ms] [WARNING] The resource https://vercel.com/_next/static/immutable/chunks/21rw_-yth3n_r.css was preloaded using link preload but not used within a few seconds from the window's load event. Please make sure it has an appropriate `as` value and it is preloaded intentionally. @ https://vercel.com/bhavya-foundation/website:0
[   80171ms] [WARNING] The resource https://vercel.com/_next/static/immutable/chunks/2oriaryyh9mxi.css was preloaded using link preload but not used within a few seconds from the window's load event. Please make sure it has an appropriate `as` value and it is preloaded intentionally. @ https://vercel.com/bhavya-foundation/website:0
[   80171ms] [WARNING] The resource https://vercel.com/_next/static/immutable/chunks/1sjo-n9l-l89d.css was preloaded using link preload but not used within a few seconds from the window's load event. Please make sure it has an appropriate `as` value and it is preloaded intentionally. @ https://vercel.com/bhavya-foundation/website:0
[   80171ms] [WARNING] The resource https://vercel.com/_next/static/immutable/media/Geist_Variable-s.p.2v-cf9syxr5ni.woff2 was preloaded using link preload but not used within a few seconds from the window's load event. Please make sure it has an appropriate `as` value and it is preloaded intentionally. @ https://vercel.com/bhavya-foundation/website:0
[   80172ms] [WARNING] The resource https://vercel.com/_next/static/immutable/chunks/20i78jgd2slur.css was preloaded using link preload but not used within a few seconds from the window's load event. Please make sure it has an appropriate `as` value and it is preloaded intentionally. @ https://vercel.com/bhavya-foundation/website:0
[   80172ms] [WARNING] The resource https://vercel.com/_next/static/immutable/chunks/04eapzb7_6k52.css was preloaded using link preload but not used within a few seconds from the window's load event. Please make sure it has an appropriate `as` value and it is preloaded intentionally. @ https://vercel.com/bhavya-foundation/website:0
[   80184ms] [WARNING] The resource https://vercel.com/_next/static/immutable/chunks/296pubnon3xrx.css was preloaded using link preload but not used within a few seconds from the window's load event. Please make sure it has an appropriate `as` value and it is preloaded intentionally. @ https://vercel.com/bhavya-foundation/website:0
[   95696ms] [WARNING] The resource https://vercel.com/_next/static/immutable/chunks/1lrt0kk_p9rdf.css was preloaded using link preload but not used within a few seconds from the window's load event. Please make sure it has an appropriate `as` value and it is preloaded intentionally. @ https://vercel.com/bhavya-foundation/website:0
[   95696ms] [WARNING] The resource https://vercel.com/_next/static/immutable/chunks/32fn_23dei1yg.css was preloaded using link preload but not used within a few seconds from the window's load event. Please make sure it has an appropriate `as` value and it is preloaded intentionally. @ https://vercel.com/bhavya-foundation/website:0
[   95696ms] [WARNING] The resource https://vercel.com/_next/static/immutable/chunks/3ltmde337_bn6.css was preloaded using link preload but not used within a few seconds from the window's load event. Please make sure it has an appropriate `as` value and it is preloaded intentionally. @ https://vercel.com/bhavya-foundation/website:0
[   95696ms] [WARNING] The resource https://vercel.com/_next/static/immutable/media/797e433ab948586e.p.1v5bejj26fx9h.woff2 was preloaded using link preload but not used within a few seconds from the window's load event. Please make sure it has an appropriate `as` value and it is preloaded intentionally. @ https://vercel.com/bhavya-foundation/website:0
[   95697ms] [WARNING] The resource https://vercel.com/_next/static/immutable/chunks/1_zhxte94w_ni.css was preloaded using link preload but not used within a few seconds from the window's load event. Please make sure it has an appropriate `as` value and it is preloaded intentionally. @ https://vercel.com/bhavya-foundation/website:0
[   95697ms] [WARNING] The resource https://vercel.com/_next/static/immutable/chunks/3flhcz7cw314y.css was preloaded using link preload but not used within a few seconds from the window's load event. Please make sure it has an appropriate `as` value and it is preloaded intentionally. @ https://vercel.com/bhavya-foundation/website:0
[   95697ms] [WARNING] The resource https://vercel.com/_next/static/immutable/chunks/21rw_-yth3n_r.css was preloaded using link preload but not used within a few seconds from the window's load event. Please make sure it has an appropriate `as` value and it is preloaded intentionally. @ https://vercel.com/bhavya-foundation/website:0
[   95698ms] [WARNING] The resource https://vercel.com/_next/static/immutable/chunks/2oriaryyh9mxi.css was preloaded using link preload but not used within a few seconds from the window's load event. Please make sure it has an appropriate `as` value and it is preloaded intentionally. @ https://vercel.com/bhavya-foundation/website:0
[   95698ms] [WARNING] The resource https://vercel.com/_next/static/immutable/chunks/1sjo-n9l-l89d.css was preloaded using link preload but not used within a few seconds from the window's load event. Please make sure it has an appropriate `as` value and it is preloaded intentionally. @ https://vercel.com/bhavya-foundation/website:0
[   95698ms] [WARNING] The resource https://vercel.com/_next/static/immutable/media/Geist_Variable-s.p.2v-cf9syxr5ni.woff2 was preloaded using link preload but not used within a few seconds from the window's load event. Please make sure it has an appropriate `as` value and it is preloaded intentionally. @ https://vercel.com/bhavya-foundation/website:0
[   95698ms] [WARNING] The resource https://vercel.com/_next/static/immutable/chunks/20i78jgd2slur.css was preloaded using link preload but not used within a few seconds from the window's load event. Please make sure it has an appropriate `as` value and it is preloaded intentionally. @ https://vercel.com/bhavya-foundation/website:0
[   95699ms] [WARNING] The resource https://vercel.com/_next/static/immutable/chunks/04eapzb7_6k52.css was preloaded using link preload but not used within a few seconds from the window's load event. Please make sure it has an appropriate `as` value and it is preloaded intentionally. @ https://vercel.com/bhavya-foundation/website:0
[   95699ms] [WARNING] The resource https://vercel.com/_next/static/immutable/chunks/296pubnon3xrx.css was preloaded using link preload but not used within a few seconds from the window's load event. Please make sure it has an appropriate `as` value and it is preloaded intentionally. @ https://vercel.com/bhavya-foundation/website:0
[  100248ms] [WARNING] The resource https://vercel.com/_next/static/immutable/chunks/1lrt0kk_p9rdf.css was preloaded using link preload but not used within a few seconds from the window's load event. Please make sure it has an appropriate `as` value and it is preloaded intentionally. @ https://vercel.com/bhavya-foundation/website:0
[  100248ms] [WARNING] The resource https://vercel.com/_next/static/immutable/chunks/32fn_23dei1yg.css was preloaded using link preload but not used within a few seconds from the window's load event. Please make sure it has an appropriate `as` value and it is preloaded intentionally. @ https://vercel.com/bhavya-foundation/website:0
[  100248ms] [WARNING] The resource https://vercel.com/_next/static/immutable/chunks/3ltmde337_bn6.css was preloaded using link preload but not used within a few seconds from the window's load event. Please make sure it has an appropriate `as` value and it is preloaded intentionally. @ https://vercel.com/bhavya-foundation/website:0
[  100248ms] [WARNING] The resource https://vercel.com/_next/static/immutable/media/797e433ab948586e.p.1v5bejj26fx9h.woff2 was preloaded using link preload but not used within a few seconds from the window's load event. Please make sure it has an appropriate `as` value and it is preloaded intentionally. @ https://vercel.com/bhavya-foundation/website:0
[  100248ms] [WARNING] The resource https://vercel.com/_next/static/immutable/chunks/1_zhxte94w_ni.css was preloaded using link preload but not used within a few seconds from the window's load event. Please make sure it has an appropriate `as` value and it is preloaded intentionally. @ https://vercel.com/bhavya-foundation/website:0
[  100248ms] [WARNING] The resource https://vercel.com/_next/static/immutable/chunks/3flhcz7cw314y.css was preloaded using link preload but not used within a few seconds from the window's load event. Please make sure it has an appropriate `as` value and it is preloaded intentionally. @ https://vercel.com/bhavya-foundation/website:0
[  100265ms] [WARNING] The resource https://vercel.com/_next/static/immutable/chunks/21rw_-yth3n_r.css was preloaded using link preload but not used within a few seconds from the window's load event. Please make sure it has an appropriate `as` value and it is preloaded intentionally. @ https://vercel.com/bhavya-foundation/website:0
[  100265ms] [WARNING] The resource https://vercel.com/_next/static/immutable/chunks/2oriaryyh9mxi.css was preloaded using link preload but not used within a few seconds from the window's load event. Please make sure it has an appropriate `as` value and it is preloaded intentionally. @ https://vercel.com/bhavya-foundation/website:0
[  100265ms] [WARNING] The resource https://vercel.com/_next/static/immutable/chunks/1sjo-n9l-l89d.css was preloaded using link preload but not used within a few seconds from the window's load event. Please make sure it has an appropriate `as` value and it is preloaded intentionally. @ https://vercel.com/bhavya-foundation/website:0
[  100266ms] [WARNING] The resource https://vercel.com/_next/static/immutable/media/Geist_Variable-s.p.2v-cf9syxr5ni.woff2 was preloaded using link preload but not used within a few seconds from the window's load event. Please make sure it has an appropriate `as` value and it is preloaded intentionally. @ https://vercel.com/bhavya-foundation/website:0
[  100266ms] [WARNING] The resource https://vercel.com/_next/static/immutable/chunks/20i78jgd2slur.css was preloaded using link preload but not used within a few seconds from the window's load event. Please make sure it has an appropriate `as` value and it is preloaded intentionally. @ https://vercel.com/bhavya-foundation/website:0
[  100266ms] [WARNING] The resource https://vercel.com/_next/static/immutable/chunks/04eapzb7_6k52.css was preloaded using link preload but not used within a few seconds from the window's load event. Please make sure it has an appropriate `as` value and it is preloaded intentionally. @ https://vercel.com/bhavya-foundation/website:0
[  100266ms] [WARNING] The resource https://vercel.com/_next/static/immutable/chunks/296pubnon3xrx.css was preloaded using link preload but not used within a few seconds from the window's load event. Please make sure it has an appropriate `as` value and it is preloaded intentionally. @ https://vercel.com/bhavya-foundation/website:0
[  105026ms] [WARNING] The resource https://vercel.com/_next/static/immutable/chunks/1lrt0kk_p9rdf.css was preloaded using link preload but not used within a few seconds from the window's load event. Please make sure it has an appropriate `as` value and it is preloaded intentionally. @ https://vercel.com/bhavya-foundation/website:0
[  105026ms] [WARNING] The resource https://vercel.com/_next/static/immutable/chunks/32fn_23dei1yg.css was preloaded using link preload but not used within a few seconds from the window's load event. Please make sure it has an appropriate `as` value and it is preloaded intentionally. @ https://vercel.com/bhavya-foundation/website:0
[  105026ms] [WARNING] The resource https://vercel.com/_next/static/immutable/chunks/3ltmde337_bn6.css was preloaded using link preload but not used within a few seconds from the window's load event. Please make sure it has an appropriate `as` value and it is preloaded intentionally. @ https://vercel.com/bhavya-foundation/website:0
[  105027ms] [WARNING] The resource https://vercel.com/_next/static/immutable/media/797e433ab948586e.p.1v5bejj26fx9h.woff2 was preloaded using link preload but not used within a few seconds from the window's load event. Please make sure it has an appropriate `as` value and it is preloaded intentionally. @ https://vercel.com/bhavya-foundation/website:0
[  105027ms] [WARNING] The resource https://vercel.com/_next/static/immutable/chunks/1_zhxte94w_ni.css was preloaded using link preload but not used within a few seconds from the window's load event. Please make sure it has an appropriate `as` value and it is preloaded intentionally. @ https://vercel.com/bhavya-foundation/website:0
[  105027ms] [WARNING] The resource https://vercel.com/_next/static/immutable/chunks/3flhcz7cw314y.css was preloaded using link preload but not used within a few seconds from the window's load event. Please make sure it has an appropriate `as` value and it is preloaded intentionally. @ https://vercel.com/bhavya-foundation/website:0
[  105028ms] [WARNING] The resource https://vercel.com/_next/static/immutable/chunks/21rw_-yth3n_r.css was preloaded using link preload but not used within a few seconds from the window's load event. Please make sure it has an appropriate `as` value and it is preloaded intentionally. @ https://vercel.com/bhavya-foundation/website:0
[  105028ms] [WARNING] The resource https://vercel.com/_next/static/immutable/chunks/2oriaryyh9mxi.css was preloaded using link preload but not used within a few seconds from the window's load event. Please make sure it has an appropriate `as` value and it is preloaded intentionally. @ https://vercel.com/bhavya-foundation/website:0
[  105028ms] [WARNING] The resource https://vercel.com/_next/static/immutable/chunks/1sjo-n9l-l89d.css was preloaded using link preload but not used within a few seconds from the window's load event. Please make sure it has an appropriate `as` value and it is preloaded intentionally. @ https://vercel.com/bhavya-foundation/website:0
[  105028ms] [WARNING] The resource https://vercel.com/_next/static/immutable/media/Geist_Variable-s.p.2v-cf9syxr5ni.woff2 was preloaded using link preload but not used within a few seconds from the window's load event. Please make sure it has an appropriate `as` value and it is preloaded intentionally. @ https://vercel.com/bhavya-foundation/website:0
[  105029ms] [WARNING] The resource https://vercel.com/_next/static/immutable/chunks/20i78jgd2slur.css was preloaded using link preload but not used within a few seconds from the window's load event. Please make sure it has an appropriate `as` value and it is preloaded intentionally. @ https://vercel.com/bhavya-foundation/website:0
[  105031ms] [WARNING] The resource https://vercel.com/_next/static/immutable/chunks/04eapzb7_6k52.css was preloaded using link preload but not used within a few seconds from the window's load event. Please make sure it has an appropriate `as` value and it is preloaded intentionally. @ https://vercel.com/bhavya-foundation/website:0
[  105032ms] [WARNING] The resource https://vercel.com/_next/static/immutable/chunks/296pubnon3xrx.css was preloaded using link preload but not used within a few seconds from the window's load event. Please make sure it has an appropriate `as` value and it is preloaded intentionally. @ https://vercel.com/bhavya-foundation/website:0
[  111824ms] [WARNING] The resource https://vercel.com/_next/static/immutable/chunks/1lrt0kk_p9rdf.css was preloaded using link preload but not used within a few seconds from the window's load event. Please make sure it has an appropriate `as` value and it is preloaded intentionally. @ https://vercel.com/bhavya-foundation/website:0
[  111824ms] [WARNING] The resource https://vercel.com/_next/static/immutable/chunks/32fn_23dei1yg.css was preloaded using link preload but not used within a few seconds from the window's load event. Please make sure it has an appropriate `as` value and it is preloaded intentionally. @ https://vercel.com/bhavya-foundation/website:0
[  111824ms] [WARNING] The resource https://vercel.com/_next/static/immutable/chunks/3ltmde337_bn6.css was preloaded using link preload but not used within a few seconds from the window's load event. Please make sure it has an appropriate `as` value and it is preloaded intentionally. @ https://vercel.com/bhavya-foundation/website:0
[  111824ms] [WARNING] The resource https://vercel.com/_next/static/immutable/media/797e433ab948586e.p.1v5bejj26fx9h.woff2 was preloaded using link preload but not used within a few seconds from the window's load event. Please make sure it has an appropriate `as` value and it is preloaded intentionally. @ https://vercel.com/bhavya-foundation/website:0
[  111825ms] [WARNING] The resource https://vercel.com/_next/static/immutable/chunks/1_zhxte94w_ni.css was preloaded using link preload but not used within a few seconds from the window's load event. Please make sure it has an appropriate `as` value and it is preloaded intentionally. @ https://vercel.com/bhavya-foundation/website:0
[  111825ms] [WARNING] The resource https://vercel.com/_next/static/immutable/chunks/3flhcz7cw314y.css was preloaded using link preload but not used within a few seconds from the window's load event. Please make sure it has an appropriate `as` value and it is preloaded intentionally. @ https://vercel.com/bhavya-foundation/website:0
[  111825ms] [WARNING] The resource https://vercel.com/_next/static/immutable/chunks/21rw_-yth3n_r.css was preloaded using link preload but not used within a few seconds from the window's load event. Please make sure it has an appropriate `as` value and it is preloaded intentionally. @ https://vercel.com/bhavya-foundation/website:0
[  111825ms] [WARNING] The resource https://vercel.com/_next/static/immutable/chunks/2oriaryyh9mxi.css was preloaded using link preload but not used within a few seconds from the window's load event. Please make sure it has an appropriate `as` value and it is preloaded intentionally. @ https://vercel.com/bhavya-foundation/website:0
[  111825ms] [WARNING] The resource https://vercel.com/_next/static/immutable/chunks/1sjo-n9l-l89d.css was preloaded using link preload but not used within a few seconds from the window's load event. Please make sure it has an appropriate `as` value and it is preloaded intentionally. @ https://vercel.com/bhavya-foundation/website:0
[  111825ms] [WARNING] The resource https://vercel.com/_next/static/immutable/media/Geist_Variable-s.p.2v-cf9syxr5ni.woff2 was preloaded using link preload but not used within a few seconds from the window's load event. Please make sure it has an appropriate `as` value and it is preloaded intentionally. @ https://vercel.com/bhavya-foundation/website:0
[  111825ms] [WARNING] The resource https://vercel.com/_next/static/immutable/chunks/20i78jgd2slur.css was preloaded using link preload but not used within a few seconds from the window's load event. Please make sure it has an appropriate `as` value and it is preloaded intentionally. @ https://vercel.com/bhavya-foundation/website:0
[  111825ms] [WARNING] The resource https://vercel.com/_next/static/immutable/chunks/04eapzb7_6k52.css was preloaded using link preload but not used within a few seconds from the window's load event. Please make sure it has an appropriate `as` value and it is preloaded intentionally. @ https://vercel.com/bhavya-foundation/website:0
[  111825ms] [WARNING] The resource https://vercel.com/_next/static/immutable/chunks/296pubnon3xrx.css was preloaded using link preload but not used within a few seconds from the window's load event. Please make sure it has an appropriate `as` value and it is preloaded intentionally. @ https://vercel.com/bhavya-foundation/website:0
[  122739ms] [WARNING] The resource https://vercel.com/_next/static/immutable/chunks/1lrt0kk_p9rdf.css was preloaded using link preload but not used within a few seconds from the window's load event. Please make sure it has an appropriate `as` value and it is preloaded intentionally. @ https://vercel.com/bhavya-foundation/website:0
[  122739ms] [WARNING] The resource https://vercel.com/_next/static/immutable/chunks/32fn_23dei1yg.css was preloaded using link preload but not used within a few seconds from the window's load event. Please make sure it has an appropriate `as` value and it is preloaded intentionally. @ https://vercel.com/bhavya-foundation/website:0
[  122739ms] [WARNING] The resource https://vercel.com/_next/static/immutable/chunks/3ltmde337_bn6.css was preloaded using link preload but not used within a few seconds from the window's load event. Please make sure it has an appropriate `as` value and it is preloaded intentionally. @ https://vercel.com/bhavya-foundation/website:0
[  122739ms] [WARNING] The resource https://vercel.com/_next/static/immutable/media/797e433ab948586e.p.1v5bejj26fx9h.woff2 was preloaded using link preload but not used within a few seconds from the window's load event. Please make sure it has an appropriate `as` value and it is preloaded intentionally. @ https://vercel.com/bhavya-foundation/website:0
[  122739ms] [WARNING] The resource https://vercel.com/_next/static/immutable/chunks/1_zhxte94w_ni.css was preloaded using link preload but not used within a few seconds from the window's load event. Please make sure it has an appropriate `as` value and it is preloaded intentionally. @ https://vercel.com/bhavya-foundation/website:0
[  122739ms] [WARNING] The resource https://vercel.com/_next/static/immutable/chunks/3flhcz7cw314y.css was preloaded using link preload but not used within a few seconds from the window's load event. Please make sure it has an appropriate `as` value and it is preloaded intentionally. @ https://vercel.com/bhavya-foundation/website:0
[  122739ms] [WARNING] The resource https://vercel.com/_next/static/immutable/chunks/21rw_-yth3n_r.css was preloaded using link preload but not used within a few seconds from the window's load event. Please make sure it has an appropriate `as` value and it is preloaded intentionally. @ https://vercel.com/bhavya-foundation/website:0
[  122739ms] [WARNING] The resource https://vercel.com/_next/static/immutable/chunks/2oriaryyh9mxi.css was preloaded using link preload but not used within a few seconds from the window's load event. Please make sure it has an appropriate `as` value and it is preloaded intentionally. @ https://vercel.com/bhavya-foundation/website:0
[  122739ms] [WARNING] The resource https://vercel.com/_next/static/immutable/chunks/1sjo-n9l-l89d.css was preloaded using link preload but not used within a few seconds from the window's load event. Please make sure it has an appropriate `as` value and it is preloaded intentionally. @ https://vercel.com/bhavya-foundation/website:0
[  122740ms] [WARNING] The resource https://vercel.com/_next/static/immutable/media/Geist_Variable-s.p.2v-cf9syxr5ni.woff2 was preloaded using link preload but not used within a few seconds from the window's load event. Please make sure it has an appropriate `as` value and it is preloaded intentionally. @ https://vercel.com/bhavya-foundation/website:0
[  122740ms] [WARNING] The resource https://vercel.com/_next/static/immutable/chunks/20i78jgd2slur.css was preloaded using link preload but not used within a few seconds from the window's load event. Please make sure it has an appropriate `as` value and it is preloaded intentionally. @ https://vercel.com/bhavya-foundation/website:0
[  122740ms] [WARNING] The resource https://vercel.com/_next/static/immutable/chunks/04eapzb7_6k52.css was preloaded using link preload but not used within a few seconds from the window's load event. Please make sure it has an appropriate `as` value and it is preloaded intentionally. @ https://vercel.com/bhavya-foundation/website:0
[  122741ms] [WARNING] The resource https://vercel.com/_next/static/immutable/chunks/296pubnon3xrx.css was preloaded using link preload but not used within a few seconds from the window's load event. Please make sure it has an appropriate `as` value and it is preloaded intentionally. @ https://vercel.com/bhavya-foundation/website:0
[  126502ms] [WARNING] The resource https://vercel.com/_next/static/immutable/chunks/1lrt0kk_p9rdf.css was preloaded using link preload but not used within a few seconds from the window's load event. Please make sure it has an appropriate `as` value and it is preloaded intentionally. @ https://vercel.com/bhavya-foundation/website:0
[  126507ms] [WARNING] The resource https://vercel.com/_next/static/immutable/chunks/32fn_23dei1yg.css was preloaded using link preload but not used within a few seconds from the window's load event. Please make sure it has an appropriate `as` value and it is preloaded intentionally. @ https://vercel.com/bhavya-foundation/website:0
[  126509ms] [WARNING] The resource https://vercel.com/_next/static/immutable/chunks/3ltmde337_bn6.css was preloaded using link preload but not used within a few seconds from the window's load event. Please make sure it has an appropriate `as` value and it is preloaded intentionally. @ https://vercel.com/bhavya-foundation/website:0
[  126524ms] [WARNING] The resource https://vercel.com/_next/static/immutable/media/797e433ab948586e.p.1v5bejj26fx9h.woff2 was preloaded using link preload but not used within a few seconds from the window's load event. Please make sure it has an appropriate `as` value and it is preloaded intentionally. @ https://vercel.com/bhavya-foundation/website:0
[  126536ms] [WARNING] The resource https://vercel.com/_next/static/immutable/chunks/1_zhxte94w_ni.css was preloaded using link preload but not used within a few seconds from the window's load event. Please make sure it has an appropriate `as` value and it is preloaded intentionally. @ https://vercel.com/bhavya-foundation/website:0
[  126541ms] [WARNING] The resource https://vercel.com/_next/static/immutable/chunks/3flhcz7cw314y.css was preloaded using link preload but not used within a few seconds from the window's load event. Please make sure it has an appropriate `as` value and it is preloaded intentionally. @ https://vercel.com/bhavya-foundation/website:0
[  126541ms] [WARNING] The resource https://vercel.com/_next/static/immutable/chunks/21rw_-yth3n_r.css was preloaded using link preload but not used within a few seconds from the window's load event. Please make sure it has an appropriate `as` value and it is preloaded intentionally. @ https://vercel.com/bhavya-foundation/website:0
[  126541ms] [WARNING] The resource https://vercel.com/_next/static/immutable/chunks/2oriaryyh9mxi.css was preloaded using link preload but not used within a few seconds from the window's load event. Please make sure it has an appropriate `as` value and it is preloaded intentionally. @ https://vercel.com/bhavya-foundation/website:0
[  126542ms] [WARNING] The resource https://vercel.com/_next/static/immutable/chunks/1sjo-n9l-l89d.css was preloaded using link preload but not used within a few seconds from the window's load event. Please make sure it has an appropriate `as` value and it is preloaded intentionally. @ https://vercel.com/bhavya-foundation/website:0
[  126558ms] [WARNING] The resource https://vercel.com/_next/static/immutable/media/Geist_Variable-s.p.2v-cf9syxr5ni.woff2 was preloaded using link preload but not used within a few seconds from the window's load event. Please make sure it has an appropriate `as` value and it is preloaded intentionally. @ https://vercel.com/bhavya-foundation/website:0
[  126744ms] [WARNING] The resource https://vercel.com/_next/static/immutable/chunks/20i78jgd2slur.css was preloaded using link preload but not used within a few seconds from the window's load event. Please make sure it has an appropriate `as` value and it is preloaded intentionally. @ https://vercel.com/bhavya-foundation/website:0
[  126748ms] [WARNING] The resource https://vercel.com/_next/static/immutable/chunks/04eapzb7_6k52.css was preloaded using link preload but not used within a few seconds from the window's load event. Please make sure it has an appropriate `as` value and it is preloaded intentionally. @ https://vercel.com/bhavya-foundation/website:0
[  126749ms] [WARNING] The resource https://vercel.com/_next/static/immutable/chunks/296pubnon3xrx.css was preloaded using link preload but not used within a few seconds from the window's load event. Please make sure it has an appropriate `as` value and it is preloaded intentionally. @ https://vercel.com/bhavya-foundation/website:0
[  133499ms] [WARNING] The resource https://vercel.com/_next/static/immutable/chunks/1lrt0kk_p9rdf.css was preloaded using link preload but not used within a few seconds from the window's load event. Please make sure it has an appropriate `as` value and it is preloaded intentionally. @ https://vercel.com/bhavya-foundation/website:0
[  133500ms] [WARNING] The resource https://vercel.com/_next/static/immutable/chunks/32fn_23dei1yg.css was preloaded using link preload but not used within a few seconds from the window's load event. Please make sure it has an appropriate `as` value and it is preloaded intentionally. @ https://vercel.com/bhavya-foundation/website:0
[  133502ms] [WARNING] The resource https://vercel.com/_next/static/immutable/chunks/3ltmde337_bn6.css was preloaded using link preload but not used within a few seconds from the window's load event. Please make sure it has an appropriate `as` value and it is preloaded intentionally. @ https://vercel.com/bhavya-foundation/website:0
[  133503ms] [WARNING] The resource https://vercel.com/_next/static/immutable/media/797e433ab948586e.p.1v5bejj26fx9h.woff2 was preloaded using link preload but not used within a few seconds from the window's load event. Please make sure it has an appropriate `as` value and it is preloaded intentionally. @ https://vercel.com/bhavya-foundation/website:0
[  133504ms] [WARNING] The resource https://vercel.com/_next/static/immutable/chunks/1_zhxte94w_ni.css was preloaded using link preload but not used within a few seconds from the window's load event. Please make sure it has an appropriate `as` value and it is preloaded intentionally. @ https://vercel.com/bhavya-foundation/website:0
[  133505ms] [WARNING] The resource https://vercel.com/_next/static/immutable/chunks/3flhcz7cw314y.css was preloaded using link preload but not used within a few seconds from the window's load event. Please make sure it has an appropriate `as` value and it is preloaded intentionally. @ https://vercel.com/bhavya-foundation/website:0
[  133506ms] [WARNING] The resource https://vercel.com/_next/static/immutable/chunks/21rw_-yth3n_r.css was preloaded using link preload but not used within a few seconds from the window's load event. Please make sure it has an appropriate `as` value and it is preloaded intentionally. @ https://vercel.com/bhavya-foundation/website:0
[  133508ms] [WARNING] The resource https://vercel.com/_next/static/immutable/chunks/2oriaryyh9mxi.css was preloaded using link preload but not used within a few seconds from the window's load event. Please make sure it has an appropriate `as` value and it is preloaded intentionally. @ https://vercel.com/bhavya-foundation/website:0
[  133508ms] [WARNING] The resource https://vercel.com/_next/static/immutable/chunks/1sjo-n9l-l89d.css was preloaded using link preload but not used within a few seconds from the window's load event. Please make sure it has an appropriate `as` value and it is preloaded intentionally. @ https://vercel.com/bhavya-foundation/website:0
[  133509ms] [WARNING] The resource https://vercel.com/_next/static/immutable/media/Geist_Variable-s.p.2v-cf9syxr5ni.woff2 was preloaded using link preload but not used within a few seconds from the window's load event. Please make sure it has an appropriate `as` value and it is preloaded intentionally. @ https://vercel.com/bhavya-foundation/website:0
[  133519ms] [WARNING] The resource https://vercel.com/_next/static/immutable/chunks/20i78jgd2slur.css was preloaded using link preload but not used within a few seconds from the window's load event. Please make sure it has an appropriate `as` value and it is preloaded intentionally. @ https://vercel.com/bhavya-foundation/website:0
[  133520ms] [WARNING] The resource https://vercel.com/_next/static/immutable/chunks/04eapzb7_6k52.css was preloaded using link preload but not used within a few seconds from the window's load event. Please make sure it has an appropriate `as` value and it is preloaded intentionally. @ https://vercel.com/bhavya-foundation/website:0
[  133522ms] [WARNING] The resource https://vercel.com/_next/static/immutable/chunks/296pubnon3xrx.css was preloaded using link preload but not used within a few seconds from the window's load event. Please make sure it has an appropriate `as` value and it is preloaded intentionally. @ https://vercel.com/bhavya-foundation/website:0
[  137208ms] [WARNING] The resource https://vercel.com/_next/static/immutable/chunks/1lrt0kk_p9rdf.css was preloaded using link preload but not used within a few seconds from the window's load event. Please make sure it has an appropriate `as` value and it is preloaded intentionally. @ https://vercel.com/bhavya-foundation/website:0
[  137209ms] [WARNING] The resource https://vercel.com/_next/static/immutable/chunks/32fn_23dei1yg.css was preloaded using link preload but not used within a few seconds from the window's load event. Please make sure it has an appropriate `as` value and it is preloaded intentionally. @ https://vercel.com/bhavya-foundation/website:0
[  137209ms] [WARNING] The resource https://vercel.com/_next/static/immutable/chunks/3ltmde337_bn6.css was preloaded using link preload but not used within a few seconds from the window's load event. Please make sure it has an appropriate `as` value and it is preloaded intentionally. @ https://vercel.com/bhavya-foundation/website:0
[  137216ms] [WARNING] The resource https://vercel.com/_next/static/immutable/media/797e433ab948586e.p.1v5bejj26fx9h.woff2 was preloaded using link preload but not used within a few seconds from the window's load event. Please make sure it has an appropriate `as` value and it is preloaded intentionally. @ https://vercel.com/bhavya-foundation/website:0
[  137218ms] [WARNING] The resource https://vercel.com/_next/static/immutable/chunks/1_zhxte94w_ni.css was preloaded using link preload but not used within a few seconds from the window's load event. Please make sure it has an appropriate `as` value and it is preloaded intentionally. @ https://vercel.com/bhavya-foundation/website:0
[  137218ms] [WARNING] The resource https://vercel.com/_next/static/immutable/chunks/3flhcz7cw314y.css was preloaded using link preload but not used within a few seconds from the window's load event. Please make sure it has an appropriate `as` value and it is preloaded intentionally. @ https://vercel.com/bhavya-foundation/website:0
[  137219ms] [WARNING] The resource https://vercel.com/_next/static/immutable/chunks/21rw_-yth3n_r.css was preloaded using link preload but not used within a few seconds from the window's load event. Please make sure it has an appropriate `as` value and it is preloaded intentionally. @ https://vercel.com/bhavya-foundation/website:0
[  137219ms] [WARNING] The resource https://vercel.com/_next/static/immutable/chunks/2oriaryyh9mxi.css was preloaded using link preload but not used within a few seconds from the window's load event. Please make sure it has an appropriate `as` value and it is preloaded intentionally. @ https://vercel.com/bhavya-foundation/website:0
[  137220ms] [WARNING] The resource https://vercel.com/_next/static/immutable/chunks/1sjo-n9l-l89d.css was preloaded using link preload but not used within a few seconds from the window's load event. Please make sure it has an appropriate `as` value and it is preloaded intentionally. @ https://vercel.com/bhavya-foundation/website:0
[  137221ms] [WARNING] The resource https://vercel.com/_next/static/immutable/media/Geist_Variable-s.p.2v-cf9syxr5ni.woff2 was preloaded using link preload but not used within a few seconds from the window's load event. Please make sure it has an appropriate `as` value and it is preloaded intentionally. @ https://vercel.com/bhavya-foundation/website:0
[  137222ms] [WARNING] The resource https://vercel.com/_next/static/immutable/chunks/20i78jgd2slur.css was preloaded using link preload but not used within a few seconds from the window's load event. Please make sure it has an appropriate `as` value and it is preloaded intentionally. @ https://vercel.com/bhavya-foundation/website:0
[  137223ms] [WARNING] The resource https://vercel.com/_next/static/immutable/chunks/04eapzb7_6k52.css was preloaded using link preload but not used within a few seconds from the window's load event. Please make sure it has an appropriate `as` value and it is preloaded intentionally. @ https://vercel.com/bhavya-foundation/website:0
[  137223ms] [WARNING] The resource https://vercel.com/_next/static/immutable/chunks/296pubnon3xrx.css was preloaded using link preload but not used within a few seconds from the window's load event. Please make sure it has an appropriate `as` value and it is preloaded intentionally. @ https://vercel.com/bhavya-foundation/website:0
[  144304ms] [WARNING] The resource https://vercel.com/_next/static/immutable/chunks/1lrt0kk_p9rdf.css was preloaded using link preload but not used within a few seconds from the window's load event. Please make sure it has an appropriate `as` value and it is preloaded intentionally. @ https://vercel.com/bhavya-foundation/website:0
[  144304ms] [WARNING] The resource https://vercel.com/_next/static/immutable/chunks/32fn_23dei1yg.css was preloaded using link preload but not used within a few seconds from the window's load event. Please make sure it has an appropriate `as` value and it is preloaded intentionally. @ https://vercel.com/bhavya-foundation/website:0
[  144304ms] [WARNING] The resource https://vercel.com/_next/static/immutable/chunks/3ltmde337_bn6.css was preloaded using link preload but not used within a few seconds from the window's load event. Please make sure it has an appropriate `as` value and it is preloaded intentionally. @ https://vercel.com/bhavya-foundation/website:0
[  144304ms] [WARNING] The resource https://vercel.com/_next/static/immutable/media/797e433ab948586e.p.1v5bejj26fx9h.woff2 was preloaded using link preload but not used within a few seconds from the window's load event. Please make sure it has an appropriate `as` value and it is preloaded intentionally. @ https://vercel.com/bhavya-foundation/website:0
[  144304ms] [WARNING] The resource https://vercel.com/_next/static/immutable/chunks/1_zhxte94w_ni.css was preloaded using link preload but not used within a few seconds from the window's load event. Please make sure it has an appropriate `as` value and it is preloaded intentionally. @ https://vercel.com/bhavya-foundation/website:0
[  144304ms] [WARNING] The resource https://vercel.com/_next/static/immutable/chunks/3flhcz7cw314y.css was preloaded using link preload but not used within a few seconds from the window's load event. Please make sure it has an appropriate `as` value and it is preloaded intentionally. @ https://vercel.com/bhavya-foundation/website:0
[  144304ms] [WARNING] The resource https://vercel.com/_next/static/immutable/chunks/21rw_-yth3n_r.css was preloaded using link preload but not used within a few seconds from the window's load event. Please make sure it has an appropriate `as` value and it is preloaded intentionally. @ https://vercel.com/bhavya-foundation/website:0
[  144305ms] [WARNING] The resource https://vercel.com/_next/static/immutable/chunks/2oriaryyh9mxi.css was preloaded using link preload but not used within a few seconds from the window's load event. Please make sure it has an appropriate `as` value and it is preloaded intentionally. @ https://vercel.com/bhavya-foundation/website:0
[  144305ms] [WARNING] The resource https://vercel.com/_next/static/immutable/chunks/1sjo-n9l-l89d.css was preloaded using link preload but not used within a few seconds from the window's load event. Please make sure it has an appropriate `as` value and it is preloaded intentionally. @ https://vercel.com/bhavya-foundation/website:0
[  144305ms] [WARNING] The resource https://vercel.com/_next/static/immutable/media/Geist_Variable-s.p.2v-cf9syxr5ni.woff2 was preloaded using link preload but not used within a few seconds from the window's load event. Please make sure it has an appropriate `as` value and it is preloaded intentionally. @ https://vercel.com/bhavya-foundation/website:0
[  144305ms] [WARNING] The resource https://vercel.com/_next/static/immutable/chunks/20i78jgd2slur.css was preloaded using link preload but not used within a few seconds from the window's load event. Please make sure it has an appropriate `as` value and it is preloaded intentionally. @ https://vercel.com/bhavya-foundation/website:0
[  144314ms] [WARNING] The resource https://vercel.com/_next/static/immutable/chunks/04eapzb7_6k52.css was preloaded using link preload but not used within a few seconds from the window's load event. Please make sure it has an appropriate `as` value and it is preloaded intentionally. @ https://vercel.com/bhavya-foundation/website:0
[  144314ms] [WARNING] The resource https://vercel.com/_next/static/immutable/chunks/296pubnon3xrx.css was preloaded using link preload but not used within a few seconds from the window's load event. Please make sure it has an appropriate `as` value and it is preloaded intentionally. @ https://vercel.com/bhavya-foundation/website:0
[  148427ms] [WARNING] The resource https://vercel.com/_next/static/immutable/chunks/1lrt0kk_p9rdf.css was preloaded using link preload but not used within a few seconds from the window's load event. Please make sure it has an appropriate `as` value and it is preloaded intentionally. @ https://vercel.com/bhavya-foundation/website:0
[  148433ms] [WARNING] The resource https://vercel.com/_next/static/immutable/chunks/32fn_23dei1yg.css was preloaded using link preload but not used within a few seconds from the window's load event. Please make sure it has an appropriate `as` value and it is preloaded intentionally. @ https://vercel.com/bhavya-foundation/website:0
[  148436ms] [WARNING] The resource https://vercel.com/_next/static/immutable/chunks/3ltmde337_bn6.css was preloaded using link preload but not used within a few seconds from the window's load event. Please make sure it has an appropriate `as` value and it is preloaded intentionally. @ https://vercel.com/bhavya-foundation/website:0
[  148442ms] [WARNING] The resource https://vercel.com/_next/static/immutable/media/797e433ab948586e.p.1v5bejj26fx9h.woff2 was preloaded using link preload but not used within a few seconds from the window's load event. Please make sure it has an appropriate `as` value and it is preloaded intentionally. @ https://vercel.com/bhavya-foundation/website:0
[  148443ms] [WARNING] The resource https://vercel.com/_next/static/immutable/chunks/1_zhxte94w_ni.css was preloaded using link preload but not used within a few seconds from the window's load event. Please make sure it has an appropriate `as` value and it is preloaded intentionally. @ https://vercel.com/bhavya-foundation/website:0
[  148444ms] [WARNING] The resource https://vercel.com/_next/static/immutable/chunks/3flhcz7cw314y.css was preloaded using link preload but not used within a few seconds from the window's load event. Please make sure it has an appropriate `as` value and it is preloaded intentionally. @ https://vercel.com/bhavya-foundation/website:0
[  148448ms] [WARNING] The resource https://vercel.com/_next/static/immutable/chunks/21rw_-yth3n_r.css was preloaded using link preload but not used within a few seconds from the window's load event. Please make sure it has an appropriate `as` value and it is preloaded intentionally. @ https://vercel.com/bhavya-foundation/website:0
[  148448ms] [WARNING] The resource https://vercel.com/_next/static/immutable/chunks/2oriaryyh9mxi.css was preloaded using link preload but not used within a few seconds from the window's load event. Please make sure it has an appropriate `as` value and it is preloaded intentionally. @ https://vercel.com/bhavya-foundation/website:0
[  148449ms] [WARNING] The resource https://vercel.com/_next/static/immutable/chunks/1sjo-n9l-l89d.css was preloaded using link preload but not used within a few seconds from the window's load event. Please make sure it has an appropriate `as` value and it is preloaded intentionally. @ https://vercel.com/bhavya-foundation/website:0
[  148462ms] [WARNING] The resource https://vercel.com/_next/static/immutable/media/Geist_Variable-s.p.2v-cf9syxr5ni.woff2 was preloaded using link preload but not used within a few seconds from the window's load event. Please make sure it has an appropriate `as` value and it is preloaded intentionally. @ https://vercel.com/bhavya-foundation/website:0
[  148468ms] [WARNING] The resource https://vercel.com/_next/static/immutable/chunks/20i78jgd2slur.css was preloaded using link preload but not used within a few seconds from the window's load event. Please make sure it has an appropriate `as` value and it is preloaded intentionally. @ https://vercel.com/bhavya-foundation/website:0
[  148482ms] [WARNING] The resource https://vercel.com/_next/static/immutable/chunks/04eapzb7_6k52.css was preloaded using link preload but not used within a few seconds from the window's load event. Please make sure it has an appropriate `as` value and it is preloaded intentionally. @ https://vercel.com/bhavya-foundation/website:0
[  148485ms] [WARNING] The resource https://vercel.com/_next/static/immutable/chunks/296pubnon3xrx.css was preloaded using link preload but not used within a few seconds from the window's load event. Please make sure it has an appropriate `as` value and it is preloaded intentionally. @ https://vercel.com/bhavya-foundation/website:0
[  155470ms] [WARNING] The resource https://vercel.com/_next/static/immutable/chunks/1lrt0kk_p9rdf.css was preloaded using link preload but not used within a few seconds from the window's load event. Please make sure it has an appropriate `as` value and it is preloaded intentionally. @ https://vercel.com/bhavya-foundation/website:0
[  155470ms] [WARNING] The resource https://vercel.com/_next/static/immutable/chunks/32fn_23dei1yg.css was preloaded using link preload but not used within a few seconds from the window's load event. Please make sure it has an appropriate `as` value and it is preloaded intentionally. @ https://vercel.com/bhavya-foundation/website:0
[  155470ms] [WARNING] The resource https://vercel.com/_next/static/immutable/chunks/3ltmde337_bn6.css was preloaded using link preload but not used within a few seconds from the window's load event. Please make sure it has an appropriate `as` value and it is preloaded intentionally. @ https://vercel.com/bhavya-foundation/website:0
[  155471ms] [WARNING] The resource https://vercel.com/_next/static/immutable/media/797e433ab948586e.p.1v5bejj26fx9h.woff2 was preloaded using link preload but not used within a few seconds from the window's load event. Please make sure it has an appropriate `as` value and it is preloaded intentionally. @ https://vercel.com/bhavya-foundation/website:0
[  155471ms] [WARNING] The resource https://vercel.com/_next/static/immutable/chunks/1_zhxte94w_ni.css was preloaded using link preload but not used within a few seconds from the window's load event. Please make sure it has an appropriate `as` value and it is preloaded intentionally. @ https://vercel.com/bhavya-foundation/website:0
[  155471ms] [WARNING] The resource https://vercel.com/_next/static/immutable/chunks/3flhcz7cw314y.css was preloaded using link preload but not used within a few seconds from the window's load event. Please make sure it has an appropriate `as` value and it is preloaded intentionally. @ https://vercel.com/bhavya-foundation/website:0
[  155481ms] [WARNING] The resource https://vercel.com/_next/static/immutable/chunks/21rw_-yth3n_r.css was preloaded using link preload but not used within a few seconds from the window's load event. Please make sure it has an appropriate `as` value and it is preloaded intentionally. @ https://vercel.com/bhavya-foundation/website:0
[  155481ms] [WARNING] The resource https://vercel.com/_next/static/immutable/chunks/2oriaryyh9mxi.css was preloaded using link preload but not used within a few seconds from the window's load event. Please make sure it has an appropriate `as` value and it is preloaded intentionally. @ https://vercel.com/bhavya-foundation/website:0
[  155482ms] [WARNING] The resource https://vercel.com/_next/static/immutable/chunks/1sjo-n9l-l89d.css was preloaded using link preload but not used within a few seconds from the window's load event. Please make sure it has an appropriate `as` value and it is preloaded intentionally. @ https://vercel.com/bhavya-foundation/website:0
[  155482ms] [WARNING] The resource https://vercel.com/_next/static/immutable/media/Geist_Variable-s.p.2v-cf9syxr5ni.woff2 was preloaded using link preload but not used within a few seconds from the window's load event. Please make sure it has an appropriate `as` value and it is preloaded intentionally. @ https://vercel.com/bhavya-foundation/website:0
[  155482ms] [WARNING] The resource https://vercel.com/_next/static/immutable/chunks/20i78jgd2slur.css was preloaded using link preload but not used within a few seconds from the window's load event. Please make sure it has an appropriate `as` value and it is preloaded intentionally. @ https://vercel.com/bhavya-foundation/website:0
[  155482ms] [WARNING] The resource https://vercel.com/_next/static/immutable/chunks/04eapzb7_6k52.css was preloaded using link preload but not used within a few seconds from the window's load event. Please make sure it has an appropriate `as` value and it is preloaded intentionally. @ https://vercel.com/bhavya-foundation/website:0
[  155482ms] [WARNING] The resource https://vercel.com/_next/static/immutable/chunks/296pubnon3xrx.css was preloaded using link preload but not used within a few seconds from the window's load event. Please make sure it has an appropriate `as` value and it is preloaded intentionally. @ https://vercel.com/bhavya-foundation/website:0
[  159725ms] [WARNING] The resource https://vercel.com/_next/static/immutable/chunks/1lrt0kk_p9rdf.css was preloaded using link preload but not used within a few seconds from the window's load event. Please make sure it has an appropriate `as` value and it is preloaded intentionally. @ https://vercel.com/bhavya-foundation/website:0
[  159725ms] [WARNING] The resource https://vercel.com/_next/static/immutable/chunks/32fn_23dei1yg.css was preloaded using link preload but not used within a few seconds from the window's load event. Please make sure it has an appropriate `as` value and it is preloaded intentionally. @ https://vercel.com/bhavya-foundation/website:0
[  159726ms] [WARNING] The resource https://vercel.com/_next/static/immutable/chunks/3ltmde337_bn6.css was preloaded using link preload but not used within a few seconds from the window's load event. Please make sure it has an appropriate `as` value and it is preloaded intentionally. @ https://vercel.com/bhavya-foundation/website:0
[  159726ms] [WARNING] The resource https://vercel.com/_next/static/immutable/media/797e433ab948586e.p.1v5bejj26fx9h.woff2 was preloaded using link preload but not used within a few seconds from the window's load event. Please make sure it has an appropriate `as` value and it is preloaded intentionally. @ https://vercel.com/bhavya-foundation/website:0
[  159726ms] [WARNING] The resource https://vercel.com/_next/static/immutable/chunks/1_zhxte94w_ni.css was preloaded using link preload but not used within a few seconds from the window's load event. Please make sure it has an appropriate `as` value and it is preloaded intentionally. @ https://vercel.com/bhavya-foundation/website:0
[  159726ms] [WARNING] The resource https://vercel.com/_next/static/immutable/chunks/3flhcz7cw314y.css was preloaded using link preload but not used within a few seconds from the window's load event. Please make sure it has an appropriate `as` value and it is preloaded intentionally. @ https://vercel.com/bhavya-foundation/website:0
[  159727ms] [WARNING] The resource https://vercel.com/_next/static/immutable/chunks/21rw_-yth3n_r.css was preloaded using link preload but not used within a few seconds from the window's load event. Please make sure it has an appropriate `as` value and it is preloaded intentionally. @ https://vercel.com/bhavya-foundation/website:0
[  159728ms] [WARNING] The resource https://vercel.com/_next/static/immutable/chunks/2oriaryyh9mxi.css was preloaded using link preload but not used within a few seconds from the window's load event. Please make sure it has an appropriate `as` value and it is preloaded intentionally. @ https://vercel.com/bhavya-foundation/website:0
[  159728ms] [WARNING] The resource https://vercel.com/_next/static/immutable/chunks/1sjo-n9l-l89d.css was preloaded using link preload but not used within a few seconds from the window's load event. Please make sure it has an appropriate `as` value and it is preloaded intentionally. @ https://vercel.com/bhavya-foundation/website:0
[  159729ms] [WARNING] The resource https://vercel.com/_next/static/immutable/media/Geist_Variable-s.p.2v-cf9syxr5ni.woff2 was preloaded using link preload but not used within a few seconds from the window's load event. Please make sure it has an appropriate `as` value and it is preloaded intentionally. @ https://vercel.com/bhavya-foundation/website:0
[  159729ms] [WARNING] The resource https://vercel.com/_next/static/immutable/chunks/20i78jgd2slur.css was preloaded using link preload but not used within a few seconds from the window's load event. Please make sure it has an appropriate `as` value and it is preloaded intentionally. @ https://vercel.com/bhavya-foundation/website:0
[  159729ms] [WARNING] The resource https://vercel.com/_next/static/immutable/chunks/04eapzb7_6k52.css was preloaded using link preload but not used within a few seconds from the window's load event. Please make sure it has an appropriate `as` value and it is preloaded intentionally. @ https://vercel.com/bhavya-foundation/website:0
[  159729ms] [WARNING] The resource https://vercel.com/_next/static/immutable/chunks/296pubnon3xrx.css was preloaded using link preload but not used within a few seconds from the window's load event. Please make sure it has an appropriate `as` value and it is preloaded intentionally. @ https://vercel.com/bhavya-foundation/website:0
[  166344ms] [WARNING] The resource https://vercel.com/_next/static/immutable/chunks/1lrt0kk_p9rdf.css was preloaded using link preload but not used within a few seconds from the window's load event. Please make sure it has an appropriate `as` value and it is preloaded intentionally. @ https://vercel.com/bhavya-foundation/website:0
[  166356ms] [WARNING] The resource https://vercel.com/_next/static/immutable/chunks/32fn_23dei1yg.css was preloaded using link preload but not used within a few seconds from the window's load event. Please make sure it has an appropriate `as` value and it is preloaded intentionally. @ https://vercel.com/bhavya-foundation/website:0
[  166358ms] [WARNING] The resource https://vercel.com/_next/static/immutable/chunks/3ltmde337_bn6.css was preloaded using link preload but not used within a few seconds from the window's load event. Please make sure it has an appropriate `as` value and it is preloaded intentionally. @ https://vercel.com/bhavya-foundation/website:0
[  166359ms] [WARNING] The resource https://vercel.com/_next/static/immutable/media/797e433ab948586e.p.1v5bejj26fx9h.woff2 was preloaded using link preload but not used within a few seconds from the window's load event. Please make sure it has an appropriate `as` value and it is preloaded intentionally. @ https://vercel.com/bhavya-foundation/website:0
[  166360ms] [WARNING] The resource https://vercel.com/_next/static/immutable/chunks/1_zhxte94w_ni.css was preloaded using link preload but not used within a few seconds from the window's load event. Please make sure it has an appropriate `as` value and it is preloaded intentionally. @ https://vercel.com/bhavya-foundation/website:0
[  166361ms] [WARNING] The resource https://vercel.com/_next/static/immutable/chunks/3flhcz7cw314y.css was preloaded using link preload but not used within a few seconds from the window's load event. Please make sure it has an appropriate `as` value and it is preloaded intentionally. @ https://vercel.com/bhavya-foundation/website:0
[  166361ms] [WARNING] The resource https://vercel.com/_next/static/immutable/chunks/21rw_-yth3n_r.css was preloaded using link preload but not used within a few seconds from the window's load event. Please make sure it has an appropriate `as` value and it is preloaded intentionally. @ https://vercel.com/bhavya-foundation/website:0
[  166364ms] [WARNING] The resource https://vercel.com/_next/static/immutable/chunks/2oriaryyh9mxi.css was preloaded using link preload but not used within a few seconds from the window's load event. Please make sure it has an appropriate `as` value and it is preloaded intentionally. @ https://vercel.com/bhavya-foundation/website:0
[  166374ms] [WARNING] The resource https://vercel.com/_next/static/immutable/chunks/1sjo-n9l-l89d.css was preloaded using link preload but not used within a few seconds from the window's load event. Please make sure it has an appropriate `as` value and it is preloaded intentionally. @ https://vercel.com/bhavya-foundation/website:0
[  166375ms] [WARNING] The resource https://vercel.com/_next/static/immutable/media/Geist_Variable-s.p.2v-cf9syxr5ni.woff2 was preloaded using link preload but not used within a few seconds from the window's load event. Please make sure it has an appropriate `as` value and it is preloaded intentionally. @ https://vercel.com/bhavya-foundation/website:0
[  166377ms] [WARNING] The resource https://vercel.com/_next/static/immutable/chunks/20i78jgd2slur.css was preloaded using link preload but not used within a few seconds from the window's load event. Please make sure it has an appropriate `as` value and it is preloaded intentionally. @ https://vercel.com/bhavya-foundation/website:0
[  166378ms] [WARNING] The resource https://vercel.com/_next/static/immutable/chunks/04eapzb7_6k52.css was preloaded using link preload but not used within a few seconds from the window's load event. Please make sure it has an appropriate `as` value and it is preloaded intentionally. @ https://vercel.com/bhavya-foundation/website:0
[  166381ms] [WARNING] The resource https://vercel.com/_next/static/immutable/chunks/296pubnon3xrx.css was preloaded using link preload but not used within a few seconds from the window's load event. Please make sure it has an appropriate `as` value and it is preloaded intentionally. @ https://vercel.com/bhavya-foundation/website:0
[  188274ms] [WARNING] The resource https://vercel.com/_next/static/immutable/chunks/1lrt0kk_p9rdf.css was preloaded using link preload but not used within a few seconds from the window's load event. Please make sure it has an appropriate `as` value and it is preloaded intentionally. @ https://vercel.com/bhavya-foundation/website:0
[  188274ms] [WARNING] The resource https://vercel.com/_next/static/immutable/chunks/32fn_23dei1yg.css was preloaded using link preload but not used within a few seconds from the window's load event. Please make sure it has an appropriate `as` value and it is preloaded intentionally. @ https://vercel.com/bhavya-foundation/website:0
[  188275ms] [WARNING] The resource https://vercel.com/_next/static/immutable/chunks/3ltmde337_bn6.css was preloaded using link preload but not used within a few seconds from the window's load event. Please make sure it has an appropriate `as` value and it is preloaded intentionally. @ https://vercel.com/bhavya-foundation/website:0
[  188276ms] [WARNING] The resource https://vercel.com/_next/static/immutable/media/797e433ab948586e.p.1v5bejj26fx9h.woff2 was preloaded using link preload but not used within a few seconds from the window's load event. Please make sure it has an appropriate `as` value and it is preloaded intentionally. @ https://vercel.com/bhavya-foundation/website:0
[  188277ms] [WARNING] The resource https://vercel.com/_next/static/immutable/chunks/1_zhxte94w_ni.css was preloaded using link preload but not used within a few seconds from the window's load event. Please make sure it has an appropriate `as` value and it is preloaded intentionally. @ https://vercel.com/bhavya-foundation/website:0
[  188279ms] [WARNING] The resource https://vercel.com/_next/static/immutable/chunks/3flhcz7cw314y.css was preloaded using link preload but not used within a few seconds from the window's load event. Please make sure it has an appropriate `as` value and it is preloaded intentionally. @ https://vercel.com/bhavya-foundation/website:0
[  188279ms] [WARNING] The resource https://vercel.com/_next/static/immutable/chunks/21rw_-yth3n_r.css was preloaded using link preload but not used within a few seconds from the window's load event. Please make sure it has an appropriate `as` value and it is preloaded intentionally. @ https://vercel.com/bhavya-foundation/website:0
[  188279ms] [WARNING] The resource https://vercel.com/_next/static/immutable/chunks/2oriaryyh9mxi.css was preloaded using link preload but not used within a few seconds from the window's load event. Please make sure it has an appropriate `as` value and it is preloaded intentionally. @ https://vercel.com/bhavya-foundation/website:0
[  188279ms] [WARNING] The resource https://vercel.com/_next/static/immutable/chunks/1sjo-n9l-l89d.css was preloaded using link preload but not used within a few seconds from the window's load event. Please make sure it has an appropriate `as` value and it is preloaded intentionally. @ https://vercel.com/bhavya-foundation/website:0
[  188279ms] [WARNING] The resource https://vercel.com/_next/static/immutable/media/Geist_Variable-s.p.2v-cf9syxr5ni.woff2 was preloaded using link preload but not used within a few seconds from the window's load event. Please make sure it has an appropriate `as` value and it is preloaded intentionally. @ https://vercel.com/bhavya-foundation/website:0
[  188279ms] [WARNING] The resource https://vercel.com/_next/static/immutable/chunks/20i78jgd2slur.css was preloaded using link preload but not used within a few seconds from the window's load event. Please make sure it has an appropriate `as` value and it is preloaded intentionally. @ https://vercel.com/bhavya-foundation/website:0
[  188279ms] [WARNING] The resource https://vercel.com/_next/static/immutable/chunks/04eapzb7_6k52.css was preloaded using link preload but not used within a few seconds from the window's load event. Please make sure it has an appropriate `as` value and it is preloaded intentionally. @ https://vercel.com/bhavya-foundation/website:0
[  188280ms] [WARNING] The resource https://vercel.com/_next/static/immutable/chunks/296pubnon3xrx.css was preloaded using link preload but not used within a few seconds from the window's load event. Please make sure it has an appropriate `as` value and it is preloaded intentionally. @ https://vercel.com/bhavya-foundation/website:0
[  198954ms] [WARNING] The resource https://vercel.com/_next/static/immutable/chunks/1lrt0kk_p9rdf.css was preloaded using link preload but not used within a few seconds from the window's load event. Please make sure it has an appropriate `as` value and it is preloaded intentionally. @ https://vercel.com/bhavya-foundation/website:0
[  198954ms] [WARNING] The resource https://vercel.com/_next/static/immutable/chunks/32fn_23dei1yg.css was preloaded using link preload but not used within a few seconds from the window's load event. Please make sure it has an appropriate `as` value and it is preloaded intentionally. @ https://vercel.com/bhavya-foundation/website:0
[  198954ms] [WARNING] The resource https://vercel.com/_next/static/immutable/chunks/3ltmde337_bn6.css was preloaded using link preload but not used within a few seconds from the window's load event. Please make sure it has an appropriate `as` value and it is preloaded intentionally. @ https://vercel.com/bhavya-foundation/website:0
[  198954ms] [WARNING] The resource https://vercel.com/_next/static/immutable/media/797e433ab948586e.p.1v5bejj26fx9h.woff2 was preloaded using link preload but not used within a few seconds from the window's load event. Please make sure it has an appropriate `as` value and it is preloaded intentionally. @ https://vercel.com/bhavya-foundation/website:0
[  198954ms] [WARNING] The resource https://vercel.com/_next/static/immutable/chunks/1_zhxte94w_ni.css was preloaded using link preload but not used within a few seconds from the window's load event. Please make sure it has an appropriate `as` value and it is preloaded intentionally. @ https://vercel.com/bhavya-foundation/website:0
[  198954ms] [WARNING] The resource https://vercel.com/_next/static/immutable/chunks/3flhcz7cw314y.css was preloaded using link preload but not used within a few seconds from the window's load event. Please make sure it has an appropriate `as` value and it is preloaded intentionally. @ https://vercel.com/bhavya-foundation/website:0
[  198954ms] [WARNING] The resource https://vercel.com/_next/static/immutable/chunks/21rw_-yth3n_r.css was preloaded using link preload but not used within a few seconds from the window's load event. Please make sure it has an appropriate `as` value and it is preloaded intentionally. @ https://vercel.com/bhavya-foundation/website:0
[  198954ms] [WARNING] The resource https://vercel.com/_next/static/immutable/chunks/2oriaryyh9mxi.css was preloaded using link preload but not used within a few seconds from the window's load event. Please make sure it has an appropriate `as` value and it is preloaded intentionally. @ https://vercel.com/bhavya-foundation/website:0
[  198955ms] [WARNING] The resource https://vercel.com/_next/static/immutable/chunks/1sjo-n9l-l89d.css was preloaded using link preload but not used within a few seconds from the window's load event. Please make sure it has an appropriate `as` value and it is preloaded intentionally. @ https://vercel.com/bhavya-foundation/website:0
[  198955ms] [WARNING] The resource https://vercel.com/_next/static/immutable/media/Geist_Variable-s.p.2v-cf9syxr5ni.woff2 was preloaded using link preload but not used within a few seconds from the window's load event. Please make sure it has an appropriate `as` value and it is preloaded intentionally. @ https://vercel.com/bhavya-foundation/website:0
[  198955ms] [WARNING] The resource https://vercel.com/_next/static/immutable/chunks/20i78jgd2slur.css was preloaded using link preload but not used within a few seconds from the window's load event. Please make sure it has an appropriate `as` value and it is preloaded intentionally. @ https://vercel.com/bhavya-foundation/website:0
[  198955ms] [WARNING] The resource https://vercel.com/_next/static/immutable/chunks/04eapzb7_6k52.css was preloaded using link preload but not used within a few seconds from the window's load event. Please make sure it has an appropriate `as` value and it is preloaded intentionally. @ https://vercel.com/bhavya-foundation/website:0
[  198955ms] [WARNING] The resource https://vercel.com/_next/static/immutable/chunks/296pubnon3xrx.css was preloaded using link preload but not used within a few seconds from the window's load event. Please make sure it has an appropriate `as` value and it is preloaded intentionally. @ https://vercel.com/bhavya-foundation/website:0
[  209647ms] [WARNING] The resource https://vercel.com/_next/static/immutable/chunks/1lrt0kk_p9rdf.css was preloaded using link preload but not used within a few seconds from the window's load event. Please make sure it has an appropriate `as` value and it is preloaded intentionally. @ https://vercel.com/bhavya-foundation/website:0
[  209648ms] [WARNING] The resource https://vercel.com/_next/static/immutable/chunks/32fn_23dei1yg.css was preloaded using link preload but not used within a few seconds from the window's load event. Please make sure it has an appropriate `as` value and it is preloaded intentionally. @ https://vercel.com/bhavya-foundation/website:0
[  209648ms] [WARNING] The resource https://vercel.com/_next/static/immutable/chunks/3ltmde337_bn6.css was preloaded using link preload but not used within a few seconds from the window's load event. Please make sure it has an appropriate `as` value and it is preloaded intentionally. @ https://vercel.com/bhavya-foundation/website:0
[  209648ms] [WARNING] The resource https://vercel.com/_next/static/immutable/media/797e433ab948586e.p.1v5bejj26fx9h.woff2 was preloaded using link preload but not used within a few seconds from the window's load event. Please make sure it has an appropriate `as` value and it is preloaded intentionally. @ https://vercel.com/bhavya-foundation/website:0
[  209648ms] [WARNING] The resource https://vercel.com/_next/static/immutable/chunks/1_zhxte94w_ni.css was preloaded using link preload but not used within a few seconds from the window's load event. Please make sure it has an appropriate `as` value and it is preloaded intentionally. @ https://vercel.com/bhavya-foundation/website:0
[  209648ms] [WARNING] The resource https://vercel.com/_next/static/immutable/chunks/3flhcz7cw314y.css was preloaded using link preload but not used within a few seconds from the window's load event. Please make sure it has an appropriate `as` value and it is preloaded intentionally. @ https://vercel.com/bhavya-foundation/website:0
[  209648ms] [WARNING] The resource https://vercel.com/_next/static/immutable/chunks/21rw_-yth3n_r.css was preloaded using link preload but not used within a few seconds from the window's load event. Please make sure it has an appropriate `as` value and it is preloaded intentionally. @ https://vercel.com/bhavya-foundation/website:0
[  209648ms] [WARNING] The resource https://vercel.com/_next/static/immutable/chunks/2oriaryyh9mxi.css was preloaded using link preload but not used within a few seconds from the window's load event. Please make sure it has an appropriate `as` value and it is preloaded intentionally. @ https://vercel.com/bhavya-foundation/website:0
[  209648ms] [WARNING] The resource https://vercel.com/_next/static/immutable/chunks/1sjo-n9l-l89d.css was preloaded using link preload but not used within a few seconds from the window's load event. Please make sure it has an appropriate `as` value and it is preloaded intentionally. @ https://vercel.com/bhavya-foundation/website:0
[  209648ms] [WARNING] The resource https://vercel.com/_next/static/immutable/media/Geist_Variable-s.p.2v-cf9syxr5ni.woff2 was preloaded using link preload but not used within a few seconds from the window's load event. Please make sure it has an appropriate `as` value and it is preloaded intentionally. @ https://vercel.com/bhavya-foundation/website:0
[  209648ms] [WARNING] The resource https://vercel.com/_next/static/immutable/chunks/20i78jgd2slur.css was preloaded using link preload but not used within a few seconds from the window's load event. Please make sure it has an appropriate `as` value and it is preloaded intentionally. @ https://vercel.com/bhavya-foundation/website:0
[  209648ms] [WARNING] The resource https://vercel.com/_next/static/immutable/chunks/04eapzb7_6k52.css was preloaded using link preload but not used within a few seconds from the window's load event. Please make sure it has an appropriate `as` value and it is preloaded intentionally. @ https://vercel.com/bhavya-foundation/website:0
[  209648ms] [WARNING] The resource https://vercel.com/_next/static/immutable/chunks/296pubnon3xrx.css was preloaded using link preload but not used within a few seconds from the window's load event. Please make sure it has an appropriate `as` value and it is preloaded intentionally. @ https://vercel.com/bhavya-foundation/website:0
[  220548ms] [WARNING] The resource https://vercel.com/_next/static/immutable/chunks/1lrt0kk_p9rdf.css was preloaded using link preload but not used within a few seconds from the window's load event. Please make sure it has an appropriate `as` value and it is preloaded intentionally. @ https://vercel.com/bhavya-foundation/website:0
[  220551ms] [WARNING] The resource https://vercel.com/_next/static/immutable/chunks/32fn_23dei1yg.css was preloaded using link preload but not used within a few seconds from the window's load event. Please make sure it has an appropriate `as` value and it is preloaded intentionally. @ https://vercel.com/bhavya-foundation/website:0
[  220552ms] [WARNING] The resource https://vercel.com/_next/static/immutable/chunks/3ltmde337_bn6.css was preloaded using link preload but not used within a few seconds from the window's load event. Please make sure it has an appropriate `as` value and it is preloaded intentionally. @ https://vercel.com/bhavya-foundation/website:0
[  220553ms] [WARNING] The resource https://vercel.com/_next/static/immutable/media/797e433ab948586e.p.1v5bejj26fx9h.woff2 was preloaded using link preload but not used within a few seconds from the window's load event. Please make sure it has an appropriate `as` value and it is preloaded intentionally. @ https://vercel.com/bhavya-foundation/website:0
[  220553ms] [WARNING] The resource https://vercel.com/_next/static/immutable/chunks/1_zhxte94w_ni.css was preloaded using link preload but not used within a few seconds from the window's load event. Please make sure it has an appropriate `as` value and it is preloaded intentionally. @ https://vercel.com/bhavya-foundation/website:0
[  220553ms] [WARNING] The resource https://vercel.com/_next/static/immutable/chunks/3flhcz7cw314y.css was preloaded using link preload but not used within a few seconds from the window's load event. Please make sure it has an appropriate `as` value and it is preloaded intentionally. @ https://vercel.com/bhavya-foundation/website:0
[  220555ms] [WARNING] The resource https://vercel.com/_next/static/immutable/chunks/21rw_-yth3n_r.css was preloaded using link preload but not used within a few seconds from the window's load event. Please make sure it has an appropriate `as` value and it is preloaded intentionally. @ https://vercel.com/bhavya-foundation/website:0
[  220555ms] [WARNING] The resource https://vercel.com/_next/static/immutable/chunks/2oriaryyh9mxi.css was preloaded using link preload but not used within a few seconds from the window's load event. Please make sure it has an appropriate `as` value and it is preloaded intentionally. @ https://vercel.com/bhavya-foundation/website:0
[  220556ms] [WARNING] The resource https://vercel.com/_next/static/immutable/chunks/1sjo-n9l-l89d.css was preloaded using link preload but not used within a few seconds from the window's load event. Please make sure it has an appropriate `as` value and it is preloaded intentionally. @ https://vercel.com/bhavya-foundation/website:0
[  220557ms] [WARNING] The resource https://vercel.com/_next/static/immutable/media/Geist_Variable-s.p.2v-cf9syxr5ni.woff2 was preloaded using link preload but not used within a few seconds from the window's load event. Please make sure it has an appropriate `as` value and it is preloaded intentionally. @ https://vercel.com/bhavya-foundation/website:0
[  220558ms] [WARNING] The resource https://vercel.com/_next/static/immutable/chunks/20i78jgd2slur.css was preloaded using link preload but not used within a few seconds from the window's load event. Please make sure it has an appropriate `as` value and it is preloaded intentionally. @ https://vercel.com/bhavya-foundation/website:0
[  220558ms] [WARNING] The resource https://vercel.com/_next/static/immutable/chunks/04eapzb7_6k52.css was preloaded using link preload but not used within a few seconds from the window's load event. Please make sure it has an appropriate `as` value and it is preloaded intentionally. @ https://vercel.com/bhavya-foundation/website:0
[  220559ms] [WARNING] The resource https://vercel.com/_next/static/immutable/chunks/296pubnon3xrx.css was preloaded using link preload but not used within a few seconds from the window's load event. Please make sure it has an appropriate `as` value and it is preloaded intentionally. @ https://vercel.com/bhavya-foundation/website:0
[  231374ms] [WARNING] The resource https://vercel.com/_next/static/immutable/chunks/1lrt0kk_p9rdf.css was preloaded using link preload but not used within a few seconds from the window's load event. Please make sure it has an appropriate `as` value and it is preloaded intentionally. @ https://vercel.com/bhavya-foundation/website:0
[  231374ms] [WARNING] The resource https://vercel.com/_next/static/immutable/chunks/32fn_23dei1yg.css was preloaded using link preload but not used within a few seconds from the window's load event. Please make sure it has an appropriate `as` value and it is preloaded intentionally. @ https://vercel.com/bhavya-foundation/website:0
[  231374ms] [WARNING] The resource https://vercel.com/_next/static/immutable/chunks/3ltmde337_bn6.css was preloaded using link preload but not used within a few seconds from the window's load event. Please make sure it has an appropriate `as` value and it is preloaded intentionally. @ https://vercel.com/bhavya-foundation/website:0
[  231374ms] [WARNING] The resource https://vercel.com/_next/static/immutable/media/797e433ab948586e.p.1v5bejj26fx9h.woff2 was preloaded using link preload but not used within a few seconds from the window's load event. Please make sure it has an appropriate `as` value and it is preloaded intentionally. @ https://vercel.com/bhavya-foundation/website:0
[  231374ms] [WARNING] The resource https://vercel.com/_next/static/immutable/chunks/1_zhxte94w_ni.css was preloaded using link preload but not used within a few seconds from the window's load event. Please make sure it has an appropriate `as` value and it is preloaded intentionally. @ https://vercel.com/bhavya-foundation/website:0
[  231375ms] [WARNING] The resource https://vercel.com/_next/static/immutable/chunks/3flhcz7cw314y.css was preloaded using link preload but not used within a few seconds from the window's load event. Please make sure it has an appropriate `as` value and it is preloaded intentionally. @ https://vercel.com/bhavya-foundation/website:0
[  231375ms] [WARNING] The resource https://vercel.com/_next/static/immutable/chunks/21rw_-yth3n_r.css was preloaded using link preload but not used within a few seconds from the window's load event. Please make sure it has an appropriate `as` value and it is preloaded intentionally. @ https://vercel.com/bhavya-foundation/website:0
[  231377ms] [WARNING] The resource https://vercel.com/_next/static/immutable/chunks/2oriaryyh9mxi.css was preloaded using link preload but not used within a few seconds from the window's load event. Please make sure it has an appropriate `as` value and it is preloaded intentionally. @ https://vercel.com/bhavya-foundation/website:0
[  231383ms] [WARNING] The resource https://vercel.com/_next/static/immutable/chunks/1sjo-n9l-l89d.css was preloaded using link preload but not used within a few seconds from the window's load event. Please make sure it has an appropriate `as` value and it is preloaded intentionally. @ https://vercel.com/bhavya-foundation/website:0
[  231385ms] [WARNING] The resource https://vercel.com/_next/static/immutable/media/Geist_Variable-s.p.2v-cf9syxr5ni.woff2 was preloaded using link preload but not used within a few seconds from the window's load event. Please make sure it has an appropriate `as` value and it is preloaded intentionally. @ https://vercel.com/bhavya-foundation/website:0
[  231386ms] [WARNING] The resource https://vercel.com/_next/static/immutable/chunks/20i78jgd2slur.css was preloaded using link preload but not used within a few seconds from the window's load event. Please make sure it has an appropriate `as` value and it is preloaded intentionally. @ https://vercel.com/bhavya-foundation/website:0
[  231386ms] [WARNING] The resource https://vercel.com/_next/static/immutable/chunks/04eapzb7_6k52.css was preloaded using link preload but not used within a few seconds from the window's load event. Please make sure it has an appropriate `as` value and it is preloaded intentionally. @ https://vercel.com/bhavya-foundation/website:0
[  231387ms] [WARNING] The resource https://vercel.com/_next/static/immutable/chunks/296pubnon3xrx.css was preloaded using link preload but not used within a few seconds from the window's load event. Please make sure it has an appropriate `as` value and it is preloaded intentionally. @ https://vercel.com/bhavya-foundation/website:0
[  242156ms] [WARNING] The resource https://vercel.com/_next/static/immutable/chunks/1lrt0kk_p9rdf.css was preloaded using link preload but not used within a few seconds from the window's load event. Please make sure it has an appropriate `as` value and it is preloaded intentionally. @ https://vercel.com/bhavya-foundation/website:0
[  242156ms] [WARNING] The resource https://vercel.com/_next/static/immutable/chunks/32fn_23dei1yg.css was preloaded using link preload but not used within a few seconds from the window's load event. Please make sure it has an appropriate `as` value and it is preloaded intentionally. @ https://vercel.com/bhavya-foundation/website:0
[  242157ms] [WARNING] The resource https://vercel.com/_next/static/immutable/chunks/3ltmde337_bn6.css was preloaded using link preload but not used within a few seconds from the window's load event. Please make sure it has an appropriate `as` value and it is preloaded intentionally. @ https://vercel.com/bhavya-foundation/website:0
[  242157ms] [WARNING] The resource https://vercel.com/_next/static/immutable/media/797e433ab948586e.p.1v5bejj26fx9h.woff2 was preloaded using link preload but not used within a few seconds from the window's load event. Please make sure it has an appropriate `as` value and it is preloaded intentionally. @ https://vercel.com/bhavya-foundation/website:0
[  242157ms] [WARNING] The resource https://vercel.com/_next/static/immutable/chunks/1_zhxte94w_ni.css was preloaded using link preload but not used within a few seconds from the window's load event. Please make sure it has an appropriate `as` value and it is preloaded intentionally. @ https://vercel.com/bhavya-foundation/website:0
[  242157ms] [WARNING] The resource https://vercel.com/_next/static/immutable/chunks/3flhcz7cw314y.css was preloaded using link preload but not used within a few seconds from the window's load event. Please make sure it has an appropriate `as` value and it is preloaded intentionally. @ https://vercel.com/bhavya-foundation/website:0
[  242157ms] [WARNING] The resource https://vercel.com/_next/static/immutable/chunks/21rw_-yth3n_r.css was preloaded using link preload but not used within a few seconds from the window's load event. Please make sure it has an appropriate `as` value and it is preloaded intentionally. @ https://vercel.com/bhavya-foundation/website:0
[  242157ms] [WARNING] The resource https://vercel.com/_next/static/immutable/chunks/2oriaryyh9mxi.css was preloaded using link preload but not used within a few seconds from the window's load event. Please make sure it has an appropriate `as` value and it is preloaded intentionally. @ https://vercel.com/bhavya-foundation/website:0
[  242157ms] [WARNING] The resource https://vercel.com/_next/static/immutable/chunks/1sjo-n9l-l89d.css was preloaded using link preload but not used within a few seconds from the window's load event. Please make sure it has an appropriate `as` value and it is preloaded intentionally. @ https://vercel.com/bhavya-foundation/website:0
[  242157ms] [WARNING] The resource https://vercel.com/_next/static/immutable/media/Geist_Variable-s.p.2v-cf9syxr5ni.woff2 was preloaded using link preload but not used within a few seconds from the window's load event. Please make sure it has an appropriate `as` value and it is preloaded intentionally. @ https://vercel.com/bhavya-foundation/website:0
[  242158ms] [WARNING] The resource https://vercel.com/_next/static/immutable/chunks/20i78jgd2slur.css was preloaded using link preload but not used within a few seconds from the window's load event. Please make sure it has an appropriate `as` value and it is preloaded intentionally. @ https://vercel.com/bhavya-foundation/website:0
[  242158ms] [WARNING] The resource https://vercel.com/_next/static/immutable/chunks/04eapzb7_6k52.css was preloaded using link preload but not used within a few seconds from the window's load event. Please make sure it has an appropriate `as` value and it is preloaded intentionally. @ https://vercel.com/bhavya-foundation/website:0
[  242161ms] [WARNING] The resource https://vercel.com/_next/static/immutable/chunks/296pubnon3xrx.css was preloaded using link preload but not used within a few seconds from the window's load event. Please make sure it has an appropriate `as` value and it is preloaded intentionally. @ https://vercel.com/bhavya-foundation/website:0
